YEAR,BUDGET TYPE,CITY AGENCY,"EXPENSE
CATEGORY",DIVISION,CONTRACT DATE,CONTRACT NUMBER,CONSULTANT NAME,DESCRIPTION, EXPENDITURE
2022,Capital,City Manager,Information Technology,Office of the Chief Information Security Officer (CISO),28-Jun-22,6053496,Complytec Inc,To provide consultation to the City to develop the implementation plan to deploy a vulnerability management solution for the City's critical infrastructure.,"  3,714 "
2022,Capital,Corporate Services,Technical ,Corporate Real Estate Management,25-Feb-21,6051802,Revay and Associates Limited,"To provide consulting services relating to project familiarization, schedule review, and development of claim avoidance/mitigation strategy. To provide a claim review report and settlement negotiations as a result of the contractor claiming construction progress delays.","  12,644 "
2022,Capital,Corporate Services,Technical ,Corporate Real Estate Management,17-Dec-21,47023786 / 9433543 / 9494390 / 9425391 / 9505953,Bethune Puttock Consulting Inc,To provide consulting services to the ModernTO Workplace Modernization Program in relation to developing a scope of work (SOP) as well as release and award request for proposal (RFP) for the multi-year ModernTO Workplace Modernization Program (WMP). ,"  241,077 "
2022,Capital,Corporate Services,Technical ,Corporate Real Estate Management,23-Sep-21,9415192,CBCI Telecom,"To provide speciality services to the Corporate Security team to develop the project scope of work for security equipment at the Union Station Security Control Centre.

Services include conducting a detailed physical site assessment, and providing product specifications, drawings, and recommendations based on the current physical environment and existing equipment.",  763 
2022,Capital,Corporate Services,Technical ,Corporate Real Estate Management,21-Jan-20,6050182,Deloitte LLP,"To provide consulting services for the development of the City of Toronto's Workplace Optimization Plan. This will facilitate the transformation of the City's office portfolio into efficient, modern, financial sustainability, and talent attraction/retention. ","  81,284 "
2022,Capital,Corporate Services,Technical ,Corporate Real Estate Management,22-Jul-20,3595446,Stephenson Engineering Ltd.,"To provide consulting services for rehabilitation of the parking stairwell which include, but not limited to the following: 
1. Waterproofing the staircase to reduce water infiltration.
2. Repair/rebuild the concrete staircases (walls, ceiling, steps, hand rails, etc.) as necessary for a safe and sound structure. Provide new slip-resistant painting/sealer to stair treads as appropriate.
3. Review and provide new, as necessary, all existing lighting, exit signage and mechanical permit for Heating, Ventilation, and Air Conditioning (HVAC) to meet applicable current Code requirements.","  7,937 "
2022,Capital,Corporate Services,Technical ,Corporate Real Estate Management,13-Apr-22,47023994 / 9458382,P1 Consulting Inc,To provide advisory services on procurement considerations and provide fairness monitor services for ModernTO Workplace Modernization Program RFSQ and NRFP. ,"  5,450 "
2022,Capital,Corporate Services,Information Technology,Corporate Real Estate Management,16-Oct-20,6051146,Deloitte LLP,"To provide services to build an enterprise architecture to help the Technology Services Division (TSD) achieve the vision of enabling employee mobility and office modernization. These consulting services are required to develop an Enterprise Architecture that re-imagines the operating model of TSD, to understand the current state, identify gaps and provide a strategy for how to achieve the new vision. ","  44,756 "
2022,Capital,Corporate Services,Management / Research & Development,Corporate Real Estate Management,4-Nov-21,6052741,Deloitte LLP,"To provide the Corporate Real Estate Management Division and CreateTO with options and considerations of a future state service delivery model and associated implementation roadmap in alignment with the goals of the City-Wide Real Estate transformation, as articulated in item EX25.9 (2017).","  278,051 "
2022,Capital,Corporate Services,Creative Communications,Corporate Real Estate Management,4-Apr-22,3614505,What El'S Creative,"To provide wayfinding & signage design consulting services, signage application guidance for interior design, peer review and consulting services of proposed layouts and design for Workplace Modernization Standards, in compliance with Canadian Institute of Planners (CIP) and Toronto Accessibility Design Guidelines (TADG). ","  2,900 "
2022,Capital,Corporate Services,Management / Research & Development,Customer Experience (311),24-May-22,6053371,Deloitte LLP,To provide recommendations to enhance and refresh the City’s approved customer experience operating model and add additional detail to the approved functional model to centralize and integrate activities.,"  305,280 "
2022,Capital,Corporate Services,Legal ,Fleet Services,8-Apr-22,9456695_LINE10,Deeth Williams Wall LLP,To provide services to review the agreement and documents between the City and Siemens on EV Chargers which is related to the Zero Emission Vehicle (ZEV) Program. ,"  20,045 "
2022,Capital,Corporate Services,Legal ,Fleet Services,23-Jun-22,9456695_LINE20,Deeth Williams Wall LLP,To provide services to review the agreement and documents between the City and Siemens on EV Chargers which is related to the Zero Emission Vehicle (ZEV) Program. ,"  35,420 "
2022,Capital,Corporate Services,Legal ,Fleet Services,13-Jul-22,9456695_LINE30,Deeth Williams Wall LLP,To provide services to review the agreement and documents between the City and Siemens on EV Chargers which is related to the Zero Emission Vehicle (ZEV) Program. ,"  20,175 "
2022,Capital,Corporate Services,Legal ,Fleet Services,21-Jul-22,9456695_LINE40,Deeth Williams Wall LLP,To provide services to review the agreement and documents between the City and Siemens on EV Chargers which is related to the Zero Emission Vehicle (ZEV) Program. ,"  15,569 "
2022,Capital,Corporate Services,Legal ,Fleet Services,29-Aug-22,9456695_LINE50,Deeth Williams Wall LLP,To provide services to review the agreement and documents between the City and Siemens on EV Chargers which is related to the Zero Emission Vehicle (ZEV) Program. ,"  12,650 "
2022,Capital,Finance and Treasury Services,Information Technology,Office of the Controller,15-Sep-21,6052558,Robinson Global Management Inc.,"To provide consulting services, including the review of evaluation materials and advising on fairness to PMMD. In addition, services include to prepare a fairness evaluation presentation, attend evaluator training session and present, attend Technical Evaluation consensus meetings and provide fairness comments where applicable, and review technical consensus documents, pricing evaluation and final compiled results.","- 2,291 "
2022,Capital,Finance and Treasury Services,Information Technology,Office of the Controller,14-Dec-21,9432726,Calian Limited,"To provide technical design services for the Financial Transformation Project, including assisting with the assessment of business functions currently performed outside of SAP and providing recommendations on integration/migration to the S4/HANA suite and SAP Business Technology Platform. In addition, the consultant will provide S/4HANA architecture expertise and support on solution and integration implementation tasks aligned with SAP best practices, provide expert advice and support to the City FSTP Technical Portfolio Manager and FSTP Project Team on technical implementation planning and delivery,","  277,537 "
2022,Capital,Finance and Treasury Services,Information Technology,Office of the Controller,19-Aug-21,6052476,Ernst & Young LLP,"To provide active risk management advisory support, including developing a procurement strategy for the selection of a System Integrator (SI) for the transformation of the City’s finance ERP and associated IT applications related to financial management and reporting. This work will support the City to develop a strategy that manages the City’s risk and helps optimize benefit, while establishing the areas that must be effectively completed internally and by the SI to deliver the City’s desired transformation. 

","  35,616 "
2022,Capital,Finance and Treasury Services,Information Technology,Office of the Controller,14-Jan-22,6052971,Ernst & Young LLP,"To provide active risk management advisory support, including developing a procurement strategy for the selection of a System Integrator (SI) for the transformation of the City’s finance ERP and associated IT applications related to financial management and reporting. This work will support the City to develop a strategy that manages the City’s risk and helps optimize benefit, while establishing the areas that must be effectively completed internally and by the SI to deliver the City’s desired transformation. 

","  2,656,404 "
2022,Capital,Finance and Treasury Services,Information Technology,Office of the Controller,2-Jun-21,6052202,Deloitte LLP,"To provide consulting services for the Preparation Phase related to Financial Systems Transformation Project (FSTP), Design Phase and Build to Deploy Phase. Services include identifying how leading practices for asset management can be incorporated into the City's existing budgeting, financial reporting, and project management processes to address the Province of Ontario's asset management reporting requirements.","  11,122,028 "
2022,Capital,Finance and Treasury Services,Information Technology,Office of the Controller,11-Oct-22,9497587,2ISolutions Inc,"To provide technical support and assist with performing data cleaning, manipulation, analysis and visualization on data to deliver insights and contribute to evidence informed decision for SAP business objects data services development.","  24,002 "
2022,Capital,Finance and Treasury Services,Information Technology,Office of the Controller,11-Oct-22,9497588,2ISolutions Inc,"To provide technical support and assist with performing data cleaning, manipulation, analysis and visualization on data to deliver insights and contribute to evidence informed decision for SAP business objects data services development.","  24,002 "
2022,Capital,Finance and Treasury Services,Information Technology,Office of the Controller,11-Oct-22,9497589,2ISolutions Inc,"To provide technical support and assist with performing data cleaning, manipulation, analysis and visualization on data to deliver insights and contribute to evidence informed decision for SAP business objects data services development.","  24,002 "
2022,Capital,Finance and Treasury Services,Information Technology,Office of the Controller,11-Oct-22,9497592,2ISolutions Inc,"To provide SAP functional consulting services such as advising on functional design, development and configuration of the SAP S/4HANA solution, and integration with SAP and non-SAP solutions for the identified business process stream. In addition services include assisting the development of the 'To-Be' solution following best practices and standard SAP business processes.


","  55,561 "
2022,Capital,Finance and Treasury Services,Information Technology,Office of the Controller,11-Oct-22,9497593,2ISolutions Inc,"To provide SAP functional consulting services such as advising on functional design, development and configuration of the SAP S/4HANA solution, and integration with SAP and non-SAP solutions for the identified business process stream. In addition services include assisting the development of the 'To-Be' solution following best practices and standard SAP business processes.


","  54,492 "
2022,Capital,Finance and Treasury Services,Information Technology,Office of the Controller,11-Oct-22,9497594,2ISolutions Inc,"To provide SAP functional consulting services such as advising on functional design, development and configuration of the SAP S/4HANA solution, and integration with SAP and non-SAP solutions for the identified business process stream. In addition services include assisting the development of the 'To-Be' solution following best practices and standard SAP business processes.


","  41,213 "
2022,Capital,Finance and Treasury Services,Information Technology,Office of the Controller,11-Oct-22,9497595,2ISolutions Inc,"To provide SAP functional consulting services such as advising on functional design, development and configuration of the SAP S/4HANA solution, and integration with SAP and non-SAP solutions for the identified business process stream. In addition services include assisting the development of the 'To-Be' solution following best practices and standard SAP business processes.


","  37,244 "
2022,Capital,Finance and Treasury Services,Information Technology,Office of the Controller,11-Oct-22,9497597,2ISolutions Inc,"To provide SAP functional consulting services such as advising on functional design, development and configuration of the SAP S/4HANA solution, and integration with SAP and non-SAP solutions for the identified business process stream. In addition services include assisting the development of the 'To-Be' solution following best practices and standard SAP business processes.


","  55,561 "
2022,Capital,Finance and Treasury Services,Information Technology,Office of the Controller,11-Oct-22,9497598,2ISolutions Inc,"To provide SAP functional consulting services such as advising on functional design, development and configuration of the SAP S/4HANA solution, and integration with SAP and non-SAP solutions for the identified business process stream. In addition services include assisting the development of the 'To-Be' solution following best practices and standard SAP business processes.


","  53,424 "
2022,Capital,Finance and Treasury Services,Management / Research & Development,"Pension, Payroll & Employee Benefits",31-Oct-22,3620331,Addiev Corporate Training,To assist in the development of a PPEB divisional & unit training Curriculum.,"  12,084 "
2022,Capital,Finance and Treasury Services,Management / Research & Development,"Pension, Payroll & Employee Benefits",30-Nov-22,3621320,Dizen Diachange Research & Con,To deliver a three-day training workshop to advise on design thinking for change management.,"  28,450 "
2022,Capital,Infrastructure Services,Management / Research & Development,Transit Expansion Office,21-Mar-19,6049052,Arup Canada Inc.,To provide transportation accessibility modelling and economic modelling to Scarborough Subway Extension and Eglinton East LRT which will be used to advise the City.,"  54,803 "
2022,Capital,Infrastructure Services,Technical ,Toronto Water,30-Dec-19,PO#6050025,Perkins & Will,To undertake the Mount Dennis Planning Framework Study,"  4,152 "
2022,Capital,Infrastructure Services,Technical ,Transportation Services,30-Mar-21,Schedule A,Toronto Waterfront Revitalization Corporation,To provide consulting services with the pre-construction works of Bridge and Public Realm at Lakeshore Blvd East.,"  461,732 "
2022,Capital,Infrastructure Services,Technical ,Transportation Services,10-May-22,Schedule A,RYERSON UNIVERSITY,"To monitor surface water flow for one year, analyze data and submitted a report to be used for setting a policy direction. ","  29,917 "
2022,Capital,Infrastructure Services,Technical ,Transportation Services,31-Dec-22,9496200,WSP Canada Inc.,To develop designs for placement of various features of School Safety Zones within the road network of each zone for Toronto 2021 & 2020 School Safety.,"  3,256 "
2022,Capital,Infrastructure Services,Technical ,Transportation Services,28-May-20,6050617,LEA Consulting Ltd,To provide construction contract inspection services for new traffic signal (approved by council) installations.  ,"  1,877 "
2022,Capital,Infrastructure Services,Technical ,Transportation Services,16-Feb-18,6046496,LEA Consulting Ltd,"To provide consulting services, including the design work for Lower Don River area traffic.","  2,808 "
2022,Capital,Infrastructure Services,Technical ,Transportation Services,25-Feb-21,6051796,LEA Consulting Ltd,To provide consulting services and perform contract administration Broadview Ave at Mill brook Crescent.,"  6,675 "
2022,Capital,Infrastructure Services,Technical ,Transportation Services,4-Apr-22,9456390,AECOM CANADA LTD,To conduct detailed safety assessments of 6 Senior Safety Zones in Area 1 to identify safety issues and recommend context specific countermeasures to improve safety for road users (Work Assignment Tp-20-3-3 | 2020 Area 1 Senior Safety Zones In-Service Road Safety Reviews ()).,"  8,502 "
2022,Capital,Infrastructure Services,Technical ,Transportation Services,4-Oct-22,9496451,IBI Group Professional Service,To provide project management on ISSR and RSA Jane St Transit Priority Corridor and conduct detailed safety assessments of 6 Senior Safety Zones in Area 1 to identify safety issues and recommend context specific countermeasures to improve safety for road users. ,"  7,500 "
2022,Capital,Infrastructure Services,Technical ,Transportation Services,29-Mar-21,6051944,CIMA Canada Inc.,To provide consulting services for Traffic Signal contract administration. ,"  5,357 "
2022,Capital,Infrastructure Services,Technical ,Transportation Services,13-Oct-21,9420028,CIMA Canada Inc.,To provide design and construction contract administration of requested Accessible Pedestrian Signals (APS) at ten existing intersections in the City.,"  26,533 "
2022,Capital,Infrastructure Services,Technical ,Transportation Services,28-Mar-22,9453169,Parsons Inc.,To provide design and construction contract administration of requested Accessible Pedestrian Signals (APS).,"  7,547 "
2022,Capital,Infrastructure Services,Technical ,Transportation Services,31-Dec-22,Schedule A,Toronto and Region Conservation Authority,To provide services for the 20 Deep Dene Drive Drainage Improvement Project to mitigate flood and drainage issues. ,"  41,921 "
2022,Capital,Infrastructure Services,Technical ,Transportation Services,2-Feb-22,6053034,MSI MANAGEMENT LIMITED,To provide design services for streetscape improvements in conjunction with new development.,"  187,741 "
2022,Capital,Infrastructure Services,Technical ,Transportation Services,18-Mar-21,Schedule A,Toronto and Region Conservation Authority,"To collect data, survey and provide a detailed design for the culvert and drainage channel stabilization.","  3,577 "
2022,Capital,Infrastructure Services,Technical ,Transportation Services,28-Oct-21,Schedule A,Toronto and Region Conservation Authority,"To develop a detailed design package for replacement of the degraded concrete trapezoidal channel with a new long-term, low-maintenance structure.","  59,117 "
2022,Capital,Infrastructure Services,Technical ,Transportation Services,25-Feb-21,6051796,LEA Consulting Ltd,To provide construction contract inspection services for new traffic signal (approved by council) installations.  ,"  119,868 "
2022,Capital,Infrastructure Services,Technical ,Transportation Services,29-Mar-21,6051944,CIMA Canada Inc.,To provide consulting services on the traffic control signal project and contract management.,"  84,078 "
2022,Capital,Infrastructure Services,Technical ,Transportation Services,17-Jan-22,9438858,LEA Consulting Ltd,To provide consulting services for the design and contract administration of APS upgrades to existing traffic signals. ,"  98,258 "
2022,Capital,Infrastructure Services,Technical ,Transportation Services,17-Jan-22,9438858,LEA Consulting Ltd,To provide consulting services for the design and contract administration of APS upgrades to existing traffic signals. ,"  19,785 "
2022,Capital,Infrastructure Services,Technical ,Transportation Services,17-Feb-22,9445072,Moon-Matz Ltd.,To provide new traffic control device design for category 3 roster #TP-2021-A3-04.,"  125,063 "
2022,Capital,Infrastructure Services,Technical ,Transportation Services,17-Feb-22,9445072,Moon-Matz Ltd.,To provide design and contract administration services for #TP-2021-A3-04.,"  39,050 "
2022,Capital,Infrastructure Services,Technical ,Transportation Services,18-May-22,9465773,LEA Consulting Ltd,To provide consulting services for construction administration and inspection.,"  87,384 "
2022,Capital,Infrastructure Services,Technical ,Transportation Services,18-May-22,9465773,LEA Consulting Ltd,To provide consulting services for construction administration and inspection.,"  4,676 "
2022,Capital,Infrastructure Services,Technical ,Transportation Services,18-Jul-22,9478826,Moon-Matz Ltd.,To provide new traffic control device design services for category 3 roster  #TP-2021-A3-10. ,"  95,499 "
2022,Capital,Infrastructure Services,Technical ,Transportation Services,18-Jul-22,9478826,Moon-Matz Ltd.,To provide new traffic control device design services for category 3 roster  #TP-2021-A3-10. ,"  16,302 "
2022,Capital,Infrastructure Services,Technical ,Transportation Services,9-Sep-22,9490484,Parsons Inc.,To provide design and contract administration services for new traffic signal and CA assignment - NTCS TP-2021-A3-11. ,"  65,788 "
2022,Capital,Infrastructure Services,Technical ,Transportation Services,26-Oct-22,9500715,CIMA Canada Inc.,To provide design services for upgrades to traffic signals (B001327-A3-1 TORONTO - 5 NEW SIGNALS).,"  28,406 "
2022,Capital,Infrastructure Services,Technical ,Transportation Services,31-Oct-21,9420028,CIMA Canada Inc.,To perform contract administration of requested Accessible Pedestrian Signals (APS) at ten existing intersections in the City.,"  177,565 "
2022,Capital,Infrastructure Services,Technical ,Transportation Services,28-Mar-22,9453169,Parsons Inc.,To provide design services for Accessible Pedestrian Signals (APS) design.,"  185,620 "
2022,Capital,Infrastructure Services,Technical ,Transportation Services,23-Feb-21,9369271,WSP Canada Inc.,To conduct an asset inventory and identify locations for City owned pedestrian scale lighting assets.,"  82,738 "
2022,Capital,Infrastructure Services,Technical ,Transportation Services,16-Feb-18,6046496,LEA Consulting Ltd,To provide consulting services for the design of the Lower Don River Area Traffic.,"  5,499 "
2022,Capital,Infrastructure Services,Technical ,Transportation Services,24-Mar-20,6050362,IBI Group Professional Service,To provide consulting services related to the design and contract review for traffic signals.,"  12,130 "
2022,Capital,Infrastructure Services,Technical ,Transportation Services,12-Oct-21,9419728,WSP Canada Inc.,To establish a roster of suppliers eligible to provide professional engineering consulting services for Transportation Services Division.,"  232,167 "
2022,Capital,Infrastructure Services,Technical ,Transportation Services,26-Jan-22,6053010,CIMA Canada Inc.,To consult on the design of left turn arrow installation for subsequent installation (B001460A TORONTO - LEFT TURN PHASE - STUDIES).,"  64,277 "
2022,Capital,Infrastructure Services,Technical ,Transportation Services,14-Sep-22,9491230,CIMA Canada Inc.,To perform design and contract administration of APS upgrades to existing traffic signals (B001327-A4 TORONTO 7 SIGNAL MODIFICATIONS).,"  75,160 "
2022,Capital,Infrastructure Services,Technical ,Transportation Services,8-Jul-20,9323198,WSP Canada Inc.,To perform services for collision data validation to provide accurate road safety data into a series of In Service Safety Reviews and other operational road safety studies. ,"  14,991 "
2022,Capital,Infrastructure Services,Technical ,Transportation Services,1-Apr-20,9303277,WSP Canada Inc.,"To provide consulting services for the 2021 and 2022 School Safety Zone Design and Flexible In-road Traffic Calming Retrofit Design, through provision of communication support and management.","  16,330 "
2022,Capital,Infrastructure Services,Technical ,Transportation Services,16-Dec-19,9280526,Clean Air Partnership,To provide consulting services for the study on senior safety zones that will help inform more detailed engineering safety studies that will recommend safety improvements.,"  16,990 "
2022,Capital,Infrastructure Services,Technical ,Transportation Services,2-Jul-20,9322097,IBI Group Professional Service,To provide collision data validation services. ,"  27,152 "
2022,Capital,Infrastructure Services,Technical ,Transportation Services,2-Oct-20,9341220,Human Factors North Inc./ Ergon,To conduct a comprehensive motorcycle safety study to provide safety recommendations and findings.,"  12,659 "
2022,Capital,Infrastructure Services,Technical ,Transportation Services,30-Nov-20,9351858,Aecom Canada Ltd,To conduct detailed safety assessments of 6 Senior Safety Zones in Area 1 to identify safety issues and recommend context specific countermeasures to improve safety for road users.,"  3,740 "
2022,Capital,Infrastructure Services,Technical ,Transportation Services,30-Nov-20,9351883,Transafe Consulting Ltd,To conduct a detailed safety assessments of 4 Senior Safety Zones in Area 2 to identify safety issues and recommend context specific countermeasures to improve safety for road users.,"  33,298 "
2022,Capital,Infrastructure Services,Technical ,Transportation Services,13-May-21,9387509,Transafe Consulting Ltd,To conduct detailed safety assessments of 6 Senior Safety Zones in Area 2 to identify safety issues and recommend context specific countermeasures to improve safety for road users.  ,  773 
2022,Capital,Infrastructure Services,Technical ,Transportation Services,11-Mar-21,9373641,TRANSOFT SOLUTIONS INC,To evaluate and quantify the anticipated safety benefits of pilot locations for left turn calming treatments as part of Vision Zero project.,"  1,526 "
2022,Capital,Infrastructure Services,Technical ,Transportation Services,8-Jul-21,9400002 / 9548350 (new PO for name change),WSP Canada Inc.,"To conduct an in-service safety review of roadways with high rate of serious injury and fatality that coincide with planned roadways for resurfacing and reconstruction in 2023 and identify short, medium and long term countermeasures to address specific safety concerns identified and incorporated into the scope of those planned capital projects (In-Service Road Safety Reviews of the 2023 Capital Works Program High KSI Collision Corridors).","  24,501 "
2022,Capital,Infrastructure Services,Technical ,Transportation Services,19-Apr-22,9459010 / 9548358 (new PO for name change),WSP Canada Inc.,To conduct detailed safety assessments of 6 Senior Safety Zones in Area 1 to identify safety issues and recommend context specific countermeasures to improve safety for road users (2023 CWP High KSI Corridor).,"  25,109 "
2022,Capital,Infrastructure Services,Technical ,Transportation Services,1-Nov-21,9424397 / 9512626 (new PO for name change),WSP Canada Inc.,"To perform services including field observation, identification of locations in need of remediation, and cost-benefit analysis for applicable countermeasures for the Toronto- Mimico In Service Rd Safety. ","  60,695 "
2022,Capital,Infrastructure Services,Technical ,Transportation Services,7-Feb-22,9443139,IBI Group Professional Service,To conduct detailed safety assessments of 6 Senior Safety Zones in Area 1 to identify safety issues and recommend context specific countermeasures to improve safety for road users (137697 - ISSR and RSA Jane St Transit Priority Corridor). ,"  216,985 "
2022,Capital,Infrastructure Services,Technical ,Transportation Services,6-Jun-22,9469817,IBI Group Professional Service,To conduct detailed safety assessments of 6 Senior Safety Zones in Area 1 to identify safety issues and recommend context specific countermeasures to improve safety for road users (137697 - ISSR and RSA Jane St Transit Priority Corridor). ,"  2,554 "
2022,Capital,Infrastructure Services,Technical ,Transportation Services,31-Mar-22,9454316,WSP Canada Inc.,To provide consulting services for the 2023 School Safety Zone Design and provide communication support. ,"  7,754 "
2022,Capital,Infrastructure Services,Technical ,Transportation Services,8-Apr-22,9457508,CIMA Canada Inc.,"To develop geometric design for intersection modification of priority high-risk intersections, for implementation as quick-build geometric safety improvements.","  186,622 "
2022,Capital,Infrastructure Services,Technical ,Transportation Services,5-Apr-19,6048658,HDR Corporation,To provide an In-Service Safety Review and Road Safety Audit for Cultural Corridors. ,"  4,777 "
2022,Capital,Infrastructure Services,Technical ,Transportation Services,19-Oct-21,9421051,IBI Group Professional Service,To provide a recommendation for Intelligent Intersection Technology and provide advisory services for procurement preparation.,"  32,313 "
2022,Capital,Infrastructure Services,Technical ,Transportation Services,18-Nov-21,9427238,IBI Group Professional Service,"To perform inspections and provide contract administration services for Roster Work Assignment #2, Detection Upgrade. ","  162,716 "
2022,Capital,Infrastructure Services,Technical ,Transportation Services,3-Sep-20,6050973,GHD LIMITED,To provide consulting services for the North York Class Environmental Assessment Addendum.,"  14,740 "
2022,Capital,Infrastructure Services,Technical ,Transportation Services,19-Apr-16,6043137,Aecom Canada Ltd,To provide expert advice for the Park Lawn / Lake Shore Transportation Master Plan.,"  83,549 "
2022,Capital,Infrastructure Services,Technical ,Transportation Services,5-Jun-17,6045081,WSP Canada Inc.,To provide design and cost administration of APS upgrades to existing traffic signals for Reimagining Yonge Street Environmental Assessment (Sheppard to Finch). ,"  4,375 "
2022,Capital,Infrastructure Services,Technical ,Transportation Services,20-Jan-22,Schedule A,Toronto Hydro Electric System,To perform an investigation and assessment of assets In conflict with St Clair Ave W .,"  3,947 "
2022,Capital,Infrastructure Services,Technical ,Transportation Services,5-Jun-17,6045081,WSP Canada Inc.,To perform an environmental assessment study to provide an assessment which includes a more comprehensive review of options in order to both maintain traffic capacity and implement cycling facilities. ,"  2,346 "
2022,Capital,Infrastructure Services,Technical ,Transportation Services,22-Jan-19,6048256,LEA Consulting Ltd,To provide professional planning & engineering services to support delivery of transportation service's capital program.,"  379,962 "
2022,Capital,Infrastructure Services,Technical ,Transportation Services,3-Apr-19,6048649,HDR Corporation,"To provide consulting services of identifying, evaluating, and programming for surface transit corridors framework.","  4,747 "
2022,Capital,Infrastructure Services,Technical ,Transportation Services,23-May-19,6048905,HDR Corporation,To provide planning and engineering services for Yorkdale.,"  144,223 "
2022,Capital,Infrastructure Services,Technical ,Transportation Services,13-Sep-19,6049471,LEA Consulting Ltd,"To perform a Municipal Class Environmental Assessment study for a new grade-separated rail crossing, and a technical peer review of the 60% engineering design of a new street submitted by developer.","  11,019 "
2022,Capital,Infrastructure Services,Technical ,Transportation Services,22-Feb-21,6051777,Dillon Consulting,To provide consulting services on the Rouge Park Bridges - Transportation Master Plan.,"  112,423 "
2022,Capital,Infrastructure Services,Technical ,Transportation Services,9-Mar-20,6050301,WSP Canada Inc.,To provide consulting services on an engineering design for the lower Yonge precinct plan.,"  258,555 "
2022,Capital,Infrastructure Services,Technical ,Transportation Services,9-Nov-21,6052755,HDR Corporation,To conduct a study on Golden Mile environmental assessment.,"  394,822 "
2022,Capital,Infrastructure Services,Technical ,Transportation Services,24-Nov-21,9428407,Parsons Inc.,To perform a feasibility study and develop a tactical plan for Avenue Road (RFSQ 9117-20-7068).,"  74,554 "
2022,Capital,Infrastructure Services,Technical ,Transportation Services,3-Aug-22,6053612,WSP Canada Inc.,To provide consulting services for Dunn & Dowling Bridge Replacement. ,"  48,306 "
2022,Capital,Infrastructure Services,Technical ,Transportation Services,3-May-18,6050025,Perkins & Will,To undertake a comprehensive Planning Framework study to support the development of a renewed vision for Mount Dennis recommend tools to implement that vision.  ,"  26,309 "
2022,Capital,Infrastructure Services,Technical ,Transportation Services,16-Jan-19,6048233,WSP Canada Inc.,To conduct an engineering study on Finch West goods movement.,"  11,794 "
2022,Capital,Infrastructure Services,Technical ,Transportation Services,16-Jan-19,6048233 (40),WSP Canada Inc.,To develop a Transportation Master Plan (TMP) that focuses on improved goods movement for a study area within the Finch West area.,"  16,310 "
2022,Capital,Infrastructure Services,Technical ,Transportation Services,29-Nov-19,6049916,WSP Canada Inc.,"To provide consulting services on a Municipal Class Environment Assessment (EA) study for a new street with a  grade-separation with rail corridor, and potential new crossings, multi-use trail facilities, and other operational/physical improvements to existing infrastructure.","  149,816 "
2022,Capital,Infrastructure Services,Technical ,Transportation Services,3-May-18,6046845,LEA Consulting Ltd,To provide technical advisory services on the Steeles Avenue Grade Separation Design Data (DD).,"  1,574 "
2022,Capital,Infrastructure Services,Technical ,Transportation Services,9-Apr-21,6051991,WSP Canada Inc.,To provide project management services on the Esplanade / Mill Street Bikeway and Brunswick Ave. Improvements.,"  183,155 "
2022,Capital,Infrastructure Services,Technical ,Transportation Services,31-Dec-19,6049040,Alta Planning + Design Canada,To undertake the Mount Dennis Planning Framework study.,"  16,825 "
2022,Capital,Infrastructure Services,Technical ,Transportation Services,22-Dec-21,Schedule A,Toronto and Region Conservation Authority,To provide project and contract management on the Rosedale Valley Road Trail State of Goods Repair (SOGR) project.,"  172,608 "
2022,Capital,Infrastructure Services,Technical ,Transportation Services,19-Mar-21,9375083,CIMA Canada Inc.,To provide consulting services on the bicycle signal design for ten sites.,"  92,293 "
2022,Capital,Infrastructure Services,Technical ,Transportation Services,6-May-22,9463325,CIMA Canada Inc.,To provide design services for 10 Bike Signals.,"  7,601 "
2022,Capital,Infrastructure Services,Technical ,Transportation Services,12-Apr-21,6051995,ALTA PLANNING + DESIGN CANADA,To provide consulting services on the design & project management on Sheppard Avenue Complete Street.,"  213,975 "
2022,Capital,Infrastructure Services,Technical ,Transportation Services,24-Dec-21,6052919,WSP Canada Inc.,To provide design services for the Martin Grove Cycling Connections. ,"  13,633 "
2022,Capital,Infrastructure Services,Technical ,Transportation Services,19-Jan-22,6052991,IBI Group Professional Service,To provide design services for Gerrard St East Bikeway -Sherbourne St to Parliament St. reconstruction.,"  29,902 "
2022,Capital,Infrastructure Services,Technical ,Transportation Services,28-Jan-21,6051685,WSP Canada Inc.,To provide consulting services for the Bloor West Bikeway extension (turn calming guidance).,"  87,669 "
2022,Capital,Infrastructure Services,Technical ,Transportation Services,24-Jan-22,9439975,WSP Canada Inc.,"To design the traffic signal timing at two complex and critical intersections in the Leaside, Thorncliffe Park Drive and Donlands areas, and coordinating their corridors. The outcomes are improved safety, bus and vehicle operations and new mobility options for pedestrians and cyclists. ","  38,605 "
2022,Capital,Infrastructure Services,Technical ,Transportation Services,28-Dec-22,9513968,WSP Canada Inc.,"To design the traffic signal timing at two complex and critical intersections in the Leaside, Thorncliffe Park Drive and Donlands areas, and coordinating their corridors. The outcomes are improved safety, bus and vehicle operations and new mobility options for pedestrians and cyclists. ","  3,371 "
2022,Capital,Infrastructure Services,Technical ,Transportation Services,18-Sep-19,6049500,IBI Group Professional Service,"To provide detailed design and contract administration services for three intersection modifications in the Downsview neighbourhood, for Downsview Cycling Connections.","  108,270 "
2022,Capital,Infrastructure Services,Technical ,Transportation Services,5-Apr-22,6053229,WSP Canada Inc.,To provide consulting services for Richmond Adelaide Bike Lane Improvements.,"  1,170 "
2022,Capital,Infrastructure Services,Technical ,Transportation Services,17-Feb-22,"9445082/
9590019 (new name: Arcadis Professional Services)",IBI Group Professional Service,To provide design and contract administration services for intersection upgrades to existing traffic signals and new traffic and bicycle signals (TP-2021-A3-03 under RFSQ No 9117-20-7068 for Signal Design (CPP modifications)).,"  219,133 "
2022,Capital,Infrastructure Services,Technical ,Transportation Services,5-Apr-22,6053229,WSP Canada Inc.,To provide design services for the Richmond Adelaide Bike Lane improvements.,"  15,338 "
2022,Capital,Infrastructure Services,Technical ,Transportation Services,13-Apr-22,6053263,ALTA PLANNING + DESIGN CANADA,To provide design services and perform a feasibility study for Victoria Park Ave.,"  178,584 "
2022,Capital,Infrastructure Services,Technical ,Transportation Services,13-Apr-22,6053263,ALTA PLANNING + DESIGN CANADA,To provide consulting services for General Cycling Renderings.,"  28,782 "
2022,Capital,Infrastructure Services,Technical ,Transportation Services,17-May-22,9465473,WSP Canada Inc.,To perform design work for CPP modifications to signals for the cycle network plan project (RFSQ A3 Assignment# TP- TP-2021-A3-06).,"  94,094 "
2022,Capital,Infrastructure Services,Technical ,Transportation Services,12-Dec-22,Schedule A,CLEAN AIR PARTNERSHIP,To perform a street project intercept survey at Eglinton for the Cycling Network Plan project. ,"  40,800 "
2022,Capital,Infrastructure Services,Technical ,Transportation Services,16-Nov-22,6053976,WSP Canada Inc.,To provide design services for the Davenport Accessible Bus/Bike Platform. ,"  24,675 "
2022,Capital,Infrastructure Services,Technical ,Transportation Services,28-Apr-22,9461015,WSP Canada Inc.,To develop drawings showing placement of planned speed humps for staff reports as well as for contractors to assist with implementation.,"  11,075 "
2022,Capital,Infrastructure Services,Technical ,Transportation Services,17-Jul-19,6049172,Dillon Consulting,To conduct an Engineering Study relating to Schedule C of an environmental assessment for the extension of Broadview.,"  155,504 "
2022,Capital,Infrastructure Services,Technical ,Transportation Services,20-May-21,6052154,HDR Corporation,To provide consulting services for the Public Consultation for the Surface Transit Network Plan.,"  62,568 "
2022,Capital,Infrastructure Services,Technical ,Transportation Services,22-Oct-21,9422076,Lura Consulting,To provide consulting services for the public consultation on RapidTO Jane Street.,"  21,704 "
2022,Capital,Infrastructure Services,Information Technology,Transportation Services,19-Apr-18,6046784,Richter Advisory Group Inc.,To provide a threat and risk assessment for the City of Toronto's Intelligent Transportation Systems (ITS) and related infrastructure.,"  10,765 "
2022,Capital,Infrastructure Services,Management / Research & Development,Transportation Services,29-Mar-19,9286401,The Hospital For Sick Children,"To provide consulting services to assist with the evaluation of the effectiveness of Automated Speed Enforcement (ASE) in Toronto, provide feedback on the ASE site selection process and prepare a jurisdictional scan of other similar ASE programs","  40,002 "
2022,Capital,Infrastructure Services,Creative Communications,Transportation Services,17-Jun-19,3614916,"SAMARDZIC, IGOR",To provide reproduction copyrights for Kensington Market illustration.,  800 
2022,Capital,Infrastructure Services,Creative Communications,Transportation Services,17-Jun-19,3614373,"WONG, BRITTANY NIKO",To provide reproduction copyrights for Kensington Market illustration.,  500 
2022,Capital,Infrastructure Services,Technical ,Solid Waste Management Services,7-Jan-19,6048200,GHD Limited,To provide advise on how best to continue to maintain service levels despite the decommissioning of the Commissioner's Street Transfer Station (CSTS).,"  51,481 "
2022,Capital,Infrastructure Services,Technical ,Solid Waste Management Services,24-Aug-18,6048068,Golder Associates Ltd.,To provide corrective action plan and performance evaluation of the Sunrise Closed Landfill.,"  16,558 "
2022,Capital,Infrastructure Services,Management / Research & Development,Solid Waste Management Services,14-Jan-20,6050078,Strategy Matters Inc,To provide consulting services re: transition of the blue bin recycling program to extended producer responsibility.,"  168,236 "
2022,Capital,Infrastructure Services,Management / Research & Development,Solid Waste Management Services,5-Mar-21,6051833,GHD Limited,The study is consulting in nature as the consultant is analyzing the City's current & future residual waste disposal requirements and providing options for the City to consider to manage its waste in the future.,"  59,387 "
2022,Capital,Infrastructure Services,Management / Research & Development,Solid Waste Management Services,1-Jun-21,6052193,FCS Group Solutions,"This PO is for a contract with FCS, a financial consultant group that's been retained to perform a review of Solid Waste Management Services' utility rate model and cost of services. The objective and goal of this study is to determine if there are any gaps that may prevent SWMS from operating a sustainable utility and to provide recommended approaches to address any potential gaps.","  194,516 "
2022,Capital,Infrastructure Services,Management / Research & Development,Solid Waste Management Services,13-Jun-22,47022755,KPMG LLP,To provide financial analysis to Support the Transition of the Blue Box Program to Extended Producer Responsibility and Resetting the City's Rate-Based System.,"  62,666 "
2022,Capital,Infrastructure Services,Management / Research & Development,Solid Waste Management Services,25-Oct-21,6052699,Ernst & Young LLP,"Consultant has been retained to support the City’s efforts to transition it’s Blue Bin Recycling Program to an Extended Producer Responsibility model, under O. Reg. 391/21. Their work involves supporting the Division to transform business operations to align to the new state and change management to support staff and stakeholders adopt the change.","  715,902 "
2022,Capital,Development and Growth Services,Technical ,Housing Secretariat,15-Apr-21,6052009,Ideaspace Consulting Inc,To provide communication and engagement strategy development and facilitation for one supportive housing project funded through federal and City funding (Modular Housing Initiative Phase 2 - 2021) to address the urgent need for creating supportive housing. ,"  2,452 "
2022,Capital,Development and Growth Services,Technical ,Housing Secretariat,27-Apr-21,6052056,Ideaspace Consulting Inc,To provide services in communication and engagement strategy development and facilitation for several supportive housing projects funded through RHI with tight timelines as required by the federal government. http://app.toronto.ca/tmmis/viewAgendaItemHistory.do?item=2020.MM25.32,"  125,566 "
2022,Capital,Development and Growth Services,Technical ,City Planning ,7-Mar-22,3613642,Architecture Evoq Inc,To provide a Peer Review of the cultural heritage evaluation for 1233 Yonge Street and 9 Woodlawn Avenue. ,"  3,053 "
2022,Capital,Development and Growth Services,Technical ,City Planning ,12-Apr-22,3614744,Third Party Public Inc.,To support Heritage Conservation District (HCD) public engagement and facilitation to deliver the Parkdale Main Street HCD to Council.,"  26,458 "
2022,Capital,Development and Growth Services,Technical ,City Planning ,7-Nov-22,3620574,WSP Canada Inc.,To provide and advise on the Toronto Green Standard v4 LEED Supplement Update.,"  12,618 "
2022,Capital,Development and Growth Services,Technical ,City Planning ,15-Oct-20,6038035,DTAH,"To provide support on the development of the Film Studio Precinct Plan through providing urban design expertise in the development of urban design guidelines for the Port Lands Production, Interactive and Creative Core Districts. ","  25,649 "
2022,Capital,Development and Growth Services,Technical ,City Planning ,30-Dec-15,6042605,Perkins & Will,To provide a study on the Yonge-Eglinton Review - Built Form to inform zoning updates and infrastructure strategies to manage growth and investment. ,"  28,543 "
2022,Capital,Development and Growth Services,Technical ,City Planning ,9-Nov-16,6044174,Perkins & Will,"To provide a TO core ""Building for Liveability"" Study to inform updated King Parliament Secondary Plan and Zoning By-law to manage growth and investment.","  61,262 "
2022,Capital,Development and Growth Services,Technical ,City Planning ,3-Dec-18,6048042,N. Barry Lyon Consultants Limited,To undertake and complete a financial and real estate market analysis to inform the development of an inclusionary zoning framework,"  35,398 "
2022,Capital,Development and Growth Services,Technical ,City Planning ,28-Mar-19,6048619,Dillon Consulting,To provide an Inclusionary Zoning and Engagement Consultation Program to inform inclusionary zoning policies. ,  98 
2022,Capital,Development and Growth Services,Technical ,City Planning ,26-Aug-20,6050954,Architecture Evoq Inc,To develop the Baby Point Heritage Conservation District (HCD) Plans.,"  35,192 "
2022,Capital,Development and Growth Services,Technical ,City Planning ,17-Nov-20,6051324,Hemson Consulting Ltd.,To provide analysis for the Phased Employment Study & Economic Analysis of the City of Toronto's Employment Areas & Office Market.,"  136,442 "
2022,Capital,Development and Growth Services,Technical ,City Planning ,17-Nov-20,6051325,Dillon Consulting,To provide support to the City-Wide Engagement and Communication Strategy for Toronto's Municipal Comprehensive Review.,"  194,709 "
2022,Capital,Development and Growth Services,Technical ,City Planning ,20-Apr-21,6052018,Access Planning Ltd.,To provide support for the development of the Transit Design Guide.,"  41,828 "
2022,Capital,Development and Growth Services,Technical ,City Planning ,3-Aug-21,6052429,Common Bond Collective,To prepare for the Jane and Finch Cultural Heritage Resource Assessment.,"  18,332 "
2022,Capital,Development and Growth Services,Technical ,City Planning ,18-Jan-22,6052986,Dialog Ontario Inc.,"To undertake the Thermal Comfort Study to be used to inform future actions on thermal comfort in the public realm and shared outdoor amenity spaces, taking into consideration future climate projections and the impacts of surrounding built form. ","  200,492 "
2022,Capital,Development and Growth Services,Technical ,City Planning ,9-Feb-22,6053047,KPMG LLP,To undertake a review of Committee of Adjustment findings and an End-to-End review of the Development Review Process as directed by Council. ,"  61,056 "
2022,Capital,Development and Growth Services,Technical ,City Planning ,23-Mar-22,6053182,Gladki Planning Associates Inc.,To provide the Community Engagement and Stakeholder Consultation Strategy to support the Bloor-Yorkville Secondary Plan Study. ,"  27,926 "
2022,Capital,Development and Growth Services,Technical ,City Planning ,3-Jun-22,6053410,Perkins & Will,To provide Planning and Urban Design services for the Jane Finch Initiative to establish objectives and requirements for growth that delivers a range of housing options.,"  130,071 "
2022,Capital,Development and Growth Services,Technical ,City Planning ,9-Aug-22,6053639,Perkins & Will,To provide Planning and Urban Design services for the Gerrard-Carlaw Planning Study to establish clear objectives and requirements for growth that delivers a range of housing options.,"  8,924 "
2022,Capital,Development and Growth Services,Technical ,City Planning ,19-Sep-22,9491930,Publicis Canada,"To provide and develop communication recommendations, media strategy and planning for Inclusionary Zoning.","  40,953 "
2022,Capital,Development and Growth Services,Technical ,City Planning ,16-Dec-22,Schedule A,Jane Finch Centre,To provide for the Jane-Finch Initiative Phase 2 and 3 community engagement to support the creation of a land use planning framework update and a community development plan for the Jane and Finch area.,"  77,580 "
2022,Capital,Development and Growth Services,Legal ,City Planning ,20-Jul-21,6035908,"Ritchie, Ketcheson, Hart & Biggart",To provide legal advisory services with respect to the Official Plan Employment Policies and Municipal Comprehensive Review of the Official Plan.,"  36,462 "
2022,Capital,Development and Growth Services,Legal ,City Planning ,20-Feb-21,Schedule A,"Osler, Hoskin & Harcourt, LLP",To provide legal advisory services for Heritage Conservation District Plans.,"  10,532 "
2022,Capital,Development and Growth Services,Creative Communications,City Planning ,15-Dec-22,6054093,Innovation Seven,To provide Indigenous facilitation services for the development of a Secondary Plan and Community Development Plan for the Jane and Finch area.,"  6,330 "
2022,Capital,Development and Growth Services,Creative Communications,City Planning ,27-Sep-22,3619331,WSP Canada Inc.,To support the provision of the Toronto Green Standard v4 Verification Protocol Update. ,"  29,510 "
2022,Capital,Agencies and Corporations,Technical ,Exhibition Place,18-Jan-22,17712,Alex Morton Ltd.,"This topographic survey was necessary prior to relocation of the  of Greek Gods to the Rose Garden.  The survey included: A. Conduct topographic survey of the area in the Rose Garden to identify:
1. The elevations and locations of all above ground existing features.
2. Approximate locations of the 20 Sculptures as shown.
3. Outline the planting beds.
B. Provide PDF and AutoCad version of Topographic Survey.","  4,500 "
2022,Capital,Agencies and Corporations,Technical ,Exhibition Place,29-Jun-22,17985,Fisher Environmental,"To cover the cost of all labour, materials & equipment necessary to conduct a soil contaminant investigation of Parking lot 852/853 for duct bank electrical, sanitary, storm relocation project including soil sampling, chemical analysis of metal:
Petroleum Hydrocarbons (PHC) Polynuclear Aromatic
Hydrocarbons (PAH) Volatile Organic Compounds (VOC), EC and
SAR; and providing report.","  2,450 "
2022,Capital,Agencies and Corporations,Technical ,Exhibition Place,4-Oct-22,18160,James Bailey Architect,Evaluation/audit the of the two flagpole bases and prepare schematic plans and recommend approaches to extend the life of these bases.,"  9,690 "
2022,Capital,Agencies and Corporations,Information Technology,Exhibition Place,30-Jun-21,"RPGS #20091875, PO #17608",OnX Enterprise Solutions,To provide an assessment of the Corporate Network infrastructure and provide recommendations for security camera requirements. ,"  21,014 "
2022,Capital,Agencies and Corporations,Technical ,TO Live,As billed,n/a,VG The Ventin Group Architects,"MH - AODA Projects - Work Package 3 (FOH Heritage)-Investigation of existing conditions, development","  30,727 "
2022,Capital,Agencies and Corporations,Technical ,TO Live,As billed,n/a,VG The Ventin Group Architects,MAC - AODA Projects - Work Package 6 (Offices and Lunchrooms)Design fees for 3x schematic designs,"  4,950 "
2022,Capital,Agencies and Corporations,Technical ,TO Live,As billed,n/a,AEA Consulting,STLC Redevelopment - Business Model strategic design & planning,"  6,925 "
2022,Capital,Agencies and Corporations,Technical ,TO Live,As billed,n/a,AMS Planning & Research,STLC Redevelopment - Business Model strategic design & planning,"  33,254 "
2022,Capital,Agencies and Corporations,Technical ,TO Live,As billed,n/a,Blackwell Structural Engineers,MAC - AODA Projects - Work Package 6 (Offices and Lunchrooms) -Structural review,  560 
2022,Capital,Agencies and Corporations,Technical ,TO Live,As billed,n/a,Build Toronto Inc.,STLC Redevelopment - Community Consultation and Engagement Services strategic design & planning,"  277,922 "
2022,Capital,Agencies and Corporations,Technical ,TO Live,As billed,n/a,Building Arts Architects Inc,Consultation for Architectural services for MH and MAC Accessibility Improvements and Heritage Door Replacements,"  210,327 "
2022,Capital,Agencies and Corporations,Technical ,TO Live,As billed,n/a,Building Arts Architects Inc,MAC - AODA Projects - Work Package 2 (FOH Washrooms)-Consultant fee,"  1,875 "
2022,Capital,Agencies and Corporations,Technical ,TO Live,As billed,n/a,Building Arts Architects Inc,"MH - AODA Projects - Work Package 2 (Admin Offices, Security)-consultant Fee","  1,496 "
2022,Capital,Agencies and Corporations,Technical ,TO Live,As billed,n/a,Building Arts Architects Inc,MH - AODA Projects - Work Package 4 (Front and Back of House Services)-B2 Staff Lounge and Change Rooms Consultant Fee,"  32,500 "
2022,Capital,Agencies and Corporations,Technical ,TO Live,As billed,n/a,Building Arts Architects Inc,MAC - AODA Projects - Work Package 6 (Offices and Lunchrooms) Design and Consultant fee,"  45,778 "
2022,Capital,Agencies and Corporations,Technical ,TO Live,As billed,n/a,Carmen Dunjko o/a Pod 10 Art & Design Inc,STLC Studies and Redevelopment Planning 2021-23,"  3,100 "
2022,Capital,Agencies and Corporations,Technical ,TO Live,As billed,n/a,CFMS consulting Inc,MAC - Chillers and Cooling Tower Replacement Consulting Fee,"  4,600 "
2022,Capital,Agencies and Corporations,Technical ,TO Live,As billed,n/a,Crestview Strategy,STLC Studies and Redevelopment Planning 2021-23 Consulting Fee,"  50,400 "
2022,Capital,Agencies and Corporations,Technical ,TO Live,As billed,n/a,Crossey Engineering Ltd.,MAC - Technical Theatre Improvements Consultation Fee (Architectural Lighting Control),"  6,800 "
2022,Capital,Agencies and Corporations,Technical ,TO Live,As billed,n/a,Crossey Engineering Ltd.,MAC - GWRH Lights Rehabilitation and LED Conversion-Consultant on 014a ,"  3,400 "
2022,Capital,Agencies and Corporations,Technical ,TO Live,As billed,n/a,Diamond Schmitt Architects,MAC -  Sound Isolation/Schematic Design & Design Development,"  4,025 "
2022,Capital,Agencies and Corporations,Technical ,TO Live,As billed,n/a,Engineering Link Incorporated,MAC - Building Condition Assessment reporting and investigation,"  49,452 "
2022,Capital,Agencies and Corporations,Technical ,TO Live,As billed,n/a,Engineering Link Incorporated,MAC - Roof Replacement (Flat)-Design & Investigation,"  47,011 "
2022,Capital,Agencies and Corporations,Technical ,TO Live,As billed,n/a,Engineering Link Incorporated,MAC - Roof Replacement (PVC)-investigation & design,"  12,065 "
2022,Capital,Agencies and Corporations,Technical ,TO Live,As billed,n/a,Engineering Link Incorporated,MAC - Structural Repairs -Site Investigation and Report Update,"  3,675 "
2022,Capital,Agencies and Corporations,Technical ,TO Live,As billed,n/a,Imagine Sound LTD,MAC - AODA Projects - Work Package 5 (Theatres phase 2)- Acoustic Consultant,  500 
2022,Capital,Agencies and Corporations,Technical ,TO Live,As billed,n/a,Jaffe Holden Acoustics Inc,Acoustic Consulting work for MAC Sound Isolation,"  13,625 "
2022,Capital,Agencies and Corporations,Technical ,TO Live,As billed,n/a,Jaffe Holden Acoustics Inc,MAC - AODA Projects - Acoustic consulting for Lyric,  450 
2022,Capital,Agencies and Corporations,Technical ,TO Live,As billed,n/a,Jaffe Holden Acoustics Inc,MH - Lobby Presentation Systems Acoustic Consulting,"  1,500 "
2022,Capital,Agencies and Corporations,Technical ,TO Live,As billed,n/a,Jaffe Holden Acoustics Inc,MAC - AODA Projects - Work Package 5 - Acoustic consulting for  Greenwin Theatre,"  10,750 "
2022,Capital,Agencies and Corporations,Technical ,TO Live,As billed,n/a,KJA Consultants Inc.,MAC - AODA Projects -Offices and Lunchrooms-Design Documents and Construction coordination,"  4,000 "
2022,Capital,Agencies and Corporations,Technical ,TO Live,As billed,n/a,Kramer Design Associates Limited,"MH - AODA Projects - Work Package 2 (Admin Offices, Security)-Design of AODA Tactile Maps for Meridian Hall","  22,533 "
2022,Capital,Agencies and Corporations,Technical ,TO Live,As billed,n/a,Kramer Design Associates Limited,MAC - AODA Projects - Work Package 6 (Offices and Lunchrooms)-design new tactile Map,"  11,400 "
2022,Capital,Agencies and Corporations,Technical ,TO Live,As billed,n/a,LEAP Consulting,STLC Studies and Redevelopment Planning 2021-23-Case for Support STLC Capitol Campaign,"  60,000 "
2022,Capital,Agencies and Corporations,Technical ,TO Live,As billed,n/a,LRI Engineering,MAC - AODA Projects - Work Package 3 (Auditorium Renos) Part B fire Safety Plan Consulting,"  2,600 "
2022,Capital,Agencies and Corporations,Technical ,TO Live,As billed,n/a,LRI Engineering, MH - AODA Projects Reviews and Design Services,"  2,066 "
2022,Capital,Agencies and Corporations,Technical ,TO Live,As billed,n/a,Mcgregor Allsop Limited,MAC - Design Services for Boilers Chillers and Cooling Tower Replacement,"  23,595 "
2022,Capital,Agencies and Corporations,Technical ,TO Live,As billed,n/a,ML Environmental Consulting Inc.,MH - AODA Projects - Work Package 3 (FOH Heritage)- ,"  1,885 "
2022,Capital,Agencies and Corporations,Technical ,TO Live,As billed,n/a,ML Environmental Consulting Inc.,MAC - AODA Projects - Work Package 2 (FOH Washrooms)- Water sampling and testing,"  1,450 "
2022,Capital,Agencies and Corporations,Technical ,TO Live,As billed,n/a,ML Environmental Consulting Inc.,"MH - AODA Projects - Work Package 2 (Admin Offices, Security) -Testing and Inspection for lower admin","  1,650 "
2022,Capital,Agencies and Corporations,Technical ,TO Live,As billed,n/a,ML Environmental Consulting Inc.,MAC - AODA Projects - Work Package 5 (Theatres phase 2)-Asbestos Sampling and Testing,  690 
2022,Capital,Agencies and Corporations,Technical ,TO Live,As billed,n/a,ML Environmental Consulting Inc.,"MAC - AODA Projects - Work Package 6 (Offices and Lunchrooms)- Field work, Mezzanine and Ground Floor report","  5,000 "
2022,Capital,Agencies and Corporations,Technical ,TO Live,As billed,n/a,Novita Techne Limited,Consultation of  MAC Technical Theatre Projects ,"  12,600 "
2022,Capital,Agencies and Corporations,Technical ,TO Live,As billed,n/a,Novita Techne Limited, MAC - Performance Portable Lighting Equipment - Design Phase -Construction Documents -Equipment and system requirements consulting fee,"  12,000 "
2022,Capital,Agencies and Corporations,Technical ,TO Live,As billed,n/a,Novita Techne Limited,"MAC - Show Relay and Paging System- design, provide drawings, specifications and contract administration consulting fee","  5,875 "
2022,Capital,Agencies and Corporations,Technical ,TO Live,As billed,n/a,Novita Techne Limited,"MH - Building Wide Program and Paging System Specifications, Drawings, Contract Administration consulting fee","  1,250 "
2022,Capital,Agencies and Corporations,Technical ,TO Live,As billed,n/a,Novita Techne Limited,"MH - Lobby Presentation Systems Design -drawings, specifications and contract administration consulting fee","  1,030 "
2022,Capital,Agencies and Corporations,Technical ,TO Live,As billed,n/a,Read Jones Christoffersen Ltd.,"MH - Exterior Envelope & Site Work-  Investigation, Schematic design and drawing Development","  85,286 "
2022,Capital,Agencies and Corporations,Technical ,TO Live,As billed,n/a,Scenework Consulting Ltd o/a Scenework,STLC - Performance Dimming /Houselight Circuit Transfer Panel consulting fee,"  6,340 "
2022,Capital,Agencies and Corporations,Technical ,TO Live,As billed,n/a,Smith +Andersen,MH - Video Systems Infrastructure Detailed Design Tender Consultancy,"  4,175 "
2022,Capital,Agencies and Corporations,Technical ,TO Live,As billed,n/a,Smith +Andersen,"MAC - Performance Portable Lighting Equipment - Design Phase /Monitors - Schematic Design, DD, Contract Documents, Tenderi","  17,660 "
2022,Capital,Agencies and Corporations,Technical ,TO Live,As billed,n/a,StrategyCorp Inc.,STLC Redevelopment - Business Model strategic design & planning,"  4,445 "
2022,Capital,Agencies and Corporations,Technical ,TO Live,As billed,n/a,StrategyCorp Inc.,STLC Studies and Redevelopment Planning 2021-23,"  7,206 "
2022,Capital,Agencies and Corporations,Technical ,Toronto Community Housing Corporation,"8-Apr-21, 15-Nov-21, 11-Apr-22","113930
180521
227846",KPMG LLP,"To provide consulting services on the quality assurance services for Integrated Housing Management System (IHMS) project, and delivery Quality Assurance (QA) Managements Services including a QA Strategy, Plan and Monthly QA reports to Toronto Community Housing Corporation (TCHC).","  140,521 "
2022,Capital,Agencies and Corporations,Technical ,Toronto Police Service,22-Mar-21,"47023476, 9441283",Aecom Canada Ltd,To conduct a feasibility study to relocate the current Communications Services unit to a new location or building.  ,"  22,270 "
2022,Capital,Agencies and Corporations,Information Technology,Toronto Police Service,9-Dec-21,6052865,Gartner Canada,"Provide analysis of the current infrastructure, network and storage Vendor of Record (VOR) agreements. Document TPS infrastructure goals, vendor requirements and provide recommendations to support TPS in achieving desired objectives regarding infrastructure optimization.","  228,960 "
2022,Capital,Agencies and Corporations,Technical ,Toronto Waterfront Revitalization Corporation,31-Oct-16,"1901, 2056.R01 and 2056.R03",KPMG LLP,To provide advisory services for Quayside development and update the Financial Capacity Evaluation Report.,"  129,897 "
2022,Capital,Agencies and Corporations,Technical ,Toronto Waterfront Revitalization Corporation,5-Oct-21,2620,ARCHAEOLOGICAL SERVICES INC.,To provide a Heritage Impact Assessment for the Phase 2 Bridge.,"  2,869 "
2022,Capital,Agencies and Corporations,Technical ,Toronto Waterfront Revitalization Corporation,3-Sep-21,2612,ARCHAEOLOGICAL SERVICES INC.,To provide an Archaeological Study of The Bentway Retaining Wall.,"  3,526 "
2022,Capital,Agencies and Corporations,Technical ,Toronto Waterfront Revitalization Corporation,29-Jul-21,2593,QUADRANGLE ARCHITECTS LIMITED,To provide consulting services on the accessibility framework for Waterfront Wide initiatives.,"  63,139 "
2022,Capital,Agencies and Corporations,Technical ,Toronto Waterfront Revitalization Corporation,8-Feb-21,2479.R01,MORIYAMA & TESHIMA ARCHITECTS,To provide advisory services for the Minimum Green Building Requirements Update.,"  6,020 "
2022,Capital,Agencies and Corporations,Technical ,Toronto Waterfront Revitalization Corporation,2-Jun-22,2691,DPM Energy Inc.,To provide strategic advice on electrical requirements for Quayside.,"  7,613 "
2022,Capital,Agencies and Corporations,Management / Research & Development,Toronto Waterfront Revitalization Corporation,28-Oct-21,2626,Urban Metrics Inc.,To provide an Economic Impact Analysis for Villiers Island.,"  15,016 "
2022,Capital,Agencies and Corporations,Management / Research & Development,Toronto Waterfront Revitalization Corporation,12-Aug-22,2716,PARCEL ECONOMICS INC.,To provide an Economic Impact Analysis for Villiers Island (contract transferred from urbanMetrics Inc.).,"  24,068 "
2022,Capital,Agencies and Corporations,Management / Research & Development,Toronto Waterfront Revitalization Corporation,3-Jun-21,2586,Pareto Sports,To assist Waterfront Toronto in exploring valuable opportunities to bring impactful events to Toronto as part of Interim Use Strategy.,"  8,000 "
2022,Capital,Agencies and Corporations,Management / Research & Development,Toronto Waterfront Revitalization Corporation,17-Feb-22,2559.R01,N. Barry Lyon Consultants Limited,To provide real estate consulting services for ongoing analysis in support of the Quayside Development.,"  4,433 "
2022,Capital,Agencies and Corporations,Management / Research & Development,Toronto Waterfront Revitalization Corporation,7-Sep-21,2610,SUSTAINABILITY SOLUTIONS GROUP (SSG),"To provide advisory services for GHG and Energy Modelling, Optimization and Low Carbon Strategy for Villiers island.","  77,429 "
2022,Capital,Agencies and Corporations,Management / Research & Development,Toronto Waterfront Revitalization Corporation,14-Sep-21,2488.R01,O2 PLANNING AND DESIGN,"To provide consulting services on the development of the Open Space System, including reviewing frameworks, developing goals, implementation strategy for Villiers Island Open Space System. ","  122,987 "
2022,Capital,Agencies and Corporations,Legal ,Toronto Waterfront Revitalization Corporation,21-Apr-17,"2003, 2123, 2510, 2786",McCarthy Tetrault LLP,To provide legal services for Quayside Project and Port Lands Project.,"  281,387 "
2022,Capital,Agencies and Corporations,Legal ,Toronto Waterfront Revitalization Corporation,19-Aug-20,2484,MCLACHLIN ENTERPRISES INC.,To provide Quayside fairness advisory services.,"  61,583 "
2022,Capital,Agencies and Corporations,Legal ,Toronto Waterfront Revitalization Corporation,3-Nov-16,1837.R03 and R11,BENNETT JONES LLP,To provide legal services for Bayside development.,  244 
2022,Capital,Agencies and Corporations,Legal ,Toronto Waterfront Revitalization Corporation,19-Jun-17,"1839.R01-05, R12 and R13, R2638.R02-R07",DENTONS CANADA LLP,To provide legal advisory services for Quayside Project and Port Lands Project.,"  27,894 "
2022,Capital,Agencies and Corporations,Legal ,Toronto Waterfront Revitalization Corporation,18-Oct-22,"2737, 1578.R04",Fasken Martineau DuMoulin LLP,To provide legal services for Port Lands project. ,"  5,059 "
2022,Capital,Agencies and Corporations,Legal ,Toronto Waterfront Revitalization Corporation,17-May-22,2640.R01-R07,Pallett Valo LLP,To provide legal services for Port Lands project. ,"  5,608 "
2022,Capital,Agencies and Corporations,Legal ,Toronto Waterfront Revitalization Corporation,19-Jan-22,1863.NRP,Borden Ladner Gervais L.L.P.,To provide legal advice on authority to expropriate land.,"  5,300 "
2022,Capital,Agencies and Corporations,Creative Communications,Toronto Waterfront Revitalization Corporation,20-Dec-21,1978.R39,Bespoke Cultural Collective,To provide consulting services on the Villers Island & Keating West Public Art Master Plan.,"  11,891 "
2022,Capital,Agencies and Corporations,Creative Communications,Toronto Waterfront Revitalization Corporation,7-Jan-22,2132.R06,COUNSEL PUBLIC AFFAIRS INC.,To support strategic communications on Waterfront Toronto's role in the future of Villiers island.,"  4,719 "
2022,Capital,Agencies and Corporations,Technical ,Toronto Zoo,24-Mar-22,PO0082210,WSP Canada Inc.,To provide consulting services to complete the detailed design and tendering work that is required to design new accessible pathways. There are six exterior pathways on site that do not meet AODA requirements for slope.  ,"  30,028 "
2022,Capital,Agencies and Corporations,Technical ,Toronto Zoo,16-May-22,PO0091541,KRCMar Surveyors,To provide consulting services to plan for the conservation campus design. ,"  4,144 "
2022,Capital,Agencies and Corporations,Management / Research & Development,Toronto Zoo,10-Jul-19,PO0078537,Zeidler Architecture Inc.,To provide consulting and design services for the front entrance and welcome area. ,"  505,699 "
2022,Capital,Agencies and Corporations,Management / Research & Development,Toronto Zoo,10-Dec-18,PO0075469,Zeidler Architecture Inc.,"To provide consulting services for The Outdoor Orangutan Exhibit. This is an animal improvement project which is part of the Orangutan Phase III project. 
","  51,328 "
2022,Capital,Agencies and Corporations,Creative Communications,Toronto Zoo,26-May-21,PO0086934,Holman Exhibits Limited,"To provide design, fabrication and installation services  for the proposed graphics and interpretives at the new outdoor orangutan exhibit.","  21,578 "
2022,Capital,Agencies and Corporations,Technical ,Toronto Transit Commission,13-Sep-21,522468,CH2M Hill Canada Ltd,Engineering services for market research & technical specification creation for non-revenue fleet.,"  115,599 "
2022,Capital,Agencies and Corporations,Technical ,Toronto Transit Commission,13-Sep-21,521828,CH2M Hill Canada Ltd,Engineering services for market research & technical specification creation for non-revenue fleet.,"  236,287 "
2022,Capital,Agencies and Corporations,Technical ,Toronto Transit Commission,30-Nov-20,C51PH20931,Transit Systems Engineering Inc.,To review and develop specifications for Automatic Train Control (ATC) project for Osgoode Station.,"  125,453 "
2022,Capital,Agencies and Corporations,Technical ,Toronto Transit Commission,23-Oct-20,PU483338,Comtech Group Inc.,Project Management Services,"  1,832 "
2022,Capital,Agencies and Corporations,Technical ,Toronto Transit Commission,2-Feb-22,PU538897,Hatch Ltd.,Requested consulting service to evaluate the efficacy of anti-microbial copper and non-copper products in killing microbes.,"  35,374 "
2022,Capital,Agencies and Corporations,Technical ,Toronto Transit Commission,20-Dec-21,PU536913,Alstom Transport,Company to perform Emergency Braking Control and No-Motion Fault Analysis.,"  27,174 "
2022,Capital,Agencies and Corporations,Technical ,Toronto Transit Commission,2-Jan-19,"C41PE19704 /
P422646",Comtech Group Inc.,"To provide support for New Streetcar Quality Assurance, Quality Control, and Commission Services by conducting engineering analysis and recommendations/findings.","  23,107 "
2022,Capital,Agencies and Corporations,Technical ,Toronto Transit Commission,27-Oct-21,530960,Comtech Group Inc.,To provide Warranty Administration and Configuration Management Support.,"  66,993 "
2022,Capital,Agencies and Corporations,Technical ,Toronto Transit Commission,3-Jan-22,536887,Comtech Group Inc.,To provide quality assurance support for 204 modern Low-Floor Light Rail Vehicles (LFLRV) Program.,"  281,387 "
2022,Capital,Agencies and Corporations,Technical ,Toronto Transit Commission,20-Oct-21,530067,Hatch Ltd.,To provide quality assurance and weld inspection support for 60 Streetcars Low-Floor Light Rail Vehicles (LFLRV) build in Alstom facility.,"  94,454 "
2022,Capital,Agencies and Corporations,Technical ,Toronto Transit Commission,8-Dec-21,535665,Hatch Ltd.,"To provide production readiness reviews, quality assurance and weld inspection support for the 60 Streetcars Low-Floor Light Rail Vehicles (LFLRV) build in Alstom facility.","  90,330 "
2022,Capital,Agencies and Corporations,Technical ,Toronto Transit Commission,8-Dec-21,535667,Hatch Ltd.,To provide quality assurance services to support the preparation of quality assurance plan for 60 Streetcars Low-Floor Light Rail Vehicles (LFLRV) build in Alstom facility.,"  30,070 "
2022,Capital,Agencies and Corporations,Technical ,Toronto Transit Commission,18-Jan-22,539489,Hatch Ltd.,To provide quality assurance support for the completion of the major repair program for 204 modern Low-Floor Light Rail Vehicles (LFLRV) Program.,"  45,086 "
2022,Capital,Agencies and Corporations,Technical ,Toronto Transit Commission,16-Aug-21,526409,Hatch Ltd.,To provide quality assurance services in the Alstom facility to support Low-Floor Light Rail Vehicles (LFLRV) Truck Overhaul Project.,"  50,905 "
2022,Capital,Agencies and Corporations,Technical ,Toronto Transit Commission,1-Mar-22,545019,Hatch Ltd.,To provide four Canadian Content Audit reports to the TTC for 60 Streetcars.,"  14,938 "
2022,Capital,Agencies and Corporations,Technical ,Toronto Transit Commission,25-Apr-22,549770,Hatch Ltd.,To provide quality assurance support in the Alstom facility for the production build of cab structures for the 60 Streetcars Low-Floor Light Rail Vehicles (LFLRV).,"  119,146 "
2022,Capital,Agencies and Corporations,Technical ,Toronto Transit Commission,28-Apr-22,551303,Hatch Ltd.,To provide quality assurance support in Alstom facility for the 60 Streetcars Low-Floor Light Rail Vehicles (LFLRV) order component build.,"  215,342 "
2022,Capital,Agencies and Corporations,Technical ,Toronto Transit Commission,30-May-22,555025,Hatch Ltd.,To provide quality assurance support for production readiness activities in Alstom facility for the 60 Streetcars Low-Floor Light Rail Vehicles (LFLRV).,"  88,792 "
2022,Capital,Agencies and Corporations,Technical ,Toronto Transit Commission,25-Sep-18,C41PE18940,WSP Canada Inc.,"To conduct quality review of various eBus manufacturers, focusing on key areas such as production, quality systems, materials management, staff training and vehicle quality.","  72,573 "
2022,Capital,Agencies and Corporations,Technical ,Toronto Transit Commission,15-Jul-21,C76PW21430,CH2M Hill Canada Ltd,To complete Scarborough Rapid Transit (SRT) to eBus Rapid Transit (eBRT) Feasibility Study.,"  40,325 "
2022,Capital,Agencies and Corporations,Technical ,Toronto Transit Commission,15-Jun-21,512575,CH2M Hill Canada Ltd,To provide Project Management support to the New Technology and Innovation group.,"  65,045 "
2022,Capital,Agencies and Corporations,Technical ,Toronto Transit Commission,30-Jun-21,539838,Hatch Ltd.,To provide Safety Engineering services to support Safety and Commissioning peer reviews for the Mind the Gap CAV project.,"  4,481 "
2022,Capital,Agencies and Corporations,Technical ,Toronto Transit Commission,25-May-21,524411,CH2M Hill Canada Ltd,"Vehicle Integrator Consulting Services to support eBus testing, smart charging development & energy optimization studies.","  93,196 "
2022,Capital,Agencies and Corporations,Technical ,Toronto Transit Commission,2-Jul-21,524428,CH2M Hill Canada Ltd,Program Manager consulting services to support eBus Charging Systems Program.,"  71,151 "
2022,Capital,Agencies and Corporations,Technical ,Toronto Transit Commission,1-Mar-22,544086,CH2M Hill Canada Ltd,To provide project management support to the New Technology and the Innovation group related to Autonomous Vehicle Program.,"  314,401 "
2022,Capital,Agencies and Corporations,Technical ,Toronto Transit Commission,19-May-22,554124,CH2M Hill Canada Ltd,To provide vehicle integrator consulting services to support eBus testing smart charging development & energy optimization studies.,"  126,203 "
2022,Capital,Agencies and Corporations,Technical ,Toronto Transit Commission,12-Aug-22,564093,Mott MacDonald Canada Ltd.,To provide engineering support to Subway Toronto Rocket (TR) Project.,"  36,676 "
2022,Capital,Agencies and Corporations,Technical ,Toronto Transit Commission,20-Sep-22,568457,Hatch Ltd.,"To provide Reliability, Availability, Maintainability and Safety (RAMS) support for Safety and Reliability Plan development.","  55,542 "
2022,Capital,Agencies and Corporations,Technical ,Toronto Transit Commission,17-May-21,PU508475,GEF Consulting Inc.,To provide procurement consulting services for Vehicle Programs Bus Midlife Overhaul.,"  129,846 "
2022,Capital,Agencies and Corporations,Technical ,Toronto Transit Commission,21-Jun-21,PU531159,Hatch Ltd.,To provide program management support for the New Subway Train (NST) procurement and Toronto Rocket (TR) Midlife Overhaul projects.,"  492,294 "
2022,Capital,Agencies and Corporations,Technical ,Toronto Transit Commission,23-Jul-21,"C76PH21450 / 
PU518029",Hatch Ltd.,"To provide consulting services in number of tasks related to the New Subway Train (NST) program for the development of technical specifications, pre-qualification, milestone payments, evaluation criteria, and RFP related documents.","  536,585 "
2022,Capital,Agencies and Corporations,Technical ,Toronto Transit Commission,28-Nov-22,C76PH22629 / PU570676,Hatch Ltd.,To provide engineering and other consulting services for the New Subway Train (NST) procurement program.,"  25,731 "
2022,Capital,Agencies and Corporations,Technical ,Toronto Transit Commission,12-Jul-21,C76PH21424,Hatch Ltd.,Consultant support for Toronto Rocket (TR) Midlife Overhaul.,"  155,806 "
2022,Capital,Agencies and Corporations,Technical ,Toronto Transit Commission,13-Sep-21,C76PW21505 / 535961,STV CANADA CONSULTING INC.,To provide professional services for the Full Fleet Electrification Study - Vehicle Programs.,"  824,589 "
2022,Capital,Agencies and Corporations,Technical ,Toronto Transit Commission,18-May-22,554282,CH2M Hill Canada Ltd,To provide consulting support for Greenhouse Gas (GHG) and Climate Resilience Report to support TTC's Zero Emission Transit Fund Application.,"  97,121 "
2022,Capital,Agencies and Corporations,Technical ,Toronto Transit Commission,22-Aug-22,564707,CH2M Hill Canada Ltd,To provide engineering advisory services to review design package for Birchmount and Eglinton Phase 1 eBus Charging.,"  48,122 "
2022,Capital,Agencies and Corporations,Technical ,Toronto Transit Commission,2-Mar-22,551496,CH2M Hill Canada Ltd,To provide consulting services on charging systems technical specification.,"  359,498 "
2022,Capital,Agencies and Corporations,Technical ,Toronto Transit Commission,19-Jul-21,516244,CH2M Hill Canada Ltd,To provide construction supervisor consulting services to support eBus Charging Systems Program.,"  201,536 "
2022,Capital,Agencies and Corporations,Technical ,Toronto Transit Commission,12-Oct-22,570816,CH2M Hill Canada Ltd,To provide construction supervisor consulting services to support eBus Charging Systems Program.,"  26,295 "
2022,Capital,Agencies and Corporations,Technical ,Toronto Transit Commission,1-Sep-21,523656,CH2M Hill Canada Ltd,To provide Construction Supervisor Consulting Services to support eBus Charging Systems Program.,"  321,141 "
2022,Capital,Agencies and Corporations,Technical ,Toronto Transit Commission,5-Jul-21,524633,CH2M Hill Canada Ltd,To provide project coordinator services to support eBus Charging System Program.,"  123,089 "
2022,Capital,Agencies and Corporations,Technical ,Toronto Transit Commission,4-Jul-22,560565,CH2M Hill Canada Ltd,To provide project administrator services to support eBus Charging System Program.,"  58,003 "
2022,Capital,Agencies and Corporations,Technical ,Toronto Transit Commission,21-Sep-21,C76PA21337 / 556075,CUTRIC,To provide consulting support for the commission's fleet electrification: Feasibility Analysis & Simulation.,"  279,979 "
2022,Capital,Agencies and Corporations,Technical ,Toronto Transit Commission,24-Aug-22,PU565498,CH2M Hill Canada Ltd,"To provide consulting support for Decarbonization, Resiliency Study.","  202,092 "
2022,Capital,Agencies and Corporations,Technical ,Toronto Transit Commission,14-Jun-19,C31PF19886A,Hatch Ltd.,To design and prepare tender document for King and Sumach track rehabilitation including construction support.,"  267,501 "
2022,Capital,Agencies and Corporations,Technical ,Toronto Transit Commission,24-Mar-20,C31PX20743,LEA Consulting Ltd,To provide switch and track alignment analysis at Roncesvalles Yard (S-48) and propose remediation recommendations.,"  112,831 "
2022,Capital,Agencies and Corporations,Technical ,Toronto Transit Commission,2-May-22,PU555511,Compustaff Corp.,"To provide consultant support for Signals, Electrical and MAXIMO implementation","  383,897 "
2022,Capital,Agencies and Corporations,Information Technology,Toronto Transit Commission,10-Mar-21,C25PN20862 /PU499797,IBI Group Professional Service,To conduct an assessment of current TTC business processes and technologies for Operator Sign-up and Daily Work Assignment Management.,"  102,854 "
2022,Capital,Agencies and Corporations,Information Technology,Toronto Transit Commission,23-Mar-17,C25PH16893 / PU327846,IBM Canada Ltd.,"To perform an assessment of current business process and business requirements for Procurement and Category Management as well as Material Management, which will be leveraged for implementation of an SAP procurement module as identified in the TTC SAP business roadmap","  13,973 "
2022,Capital,Agencies and Corporations,Information Technology,Toronto Transit Commission,30-Jul-21,C25PN19945 / PU519556,IBM Canada Ltd.,To provide consulting support for the implementation of Time Entering Solution.,"  2,014,003 "
2022,Capital,Agencies and Corporations,Information Technology,Toronto Transit Commission,8-Jan-20,C25PF19853,Left Turn Right Turn Ltd.,"To provide assessment services to evaluate internal systems, technology, services (i.e. non-customer facing), and applications supported by ITS against requirements under AODA.","  71,735 "
2022,Capital,Agencies and Corporations,Management / Research & Development,Toronto Transit Commission,31-May-19,C41PC19864,Ernst & Young LLP,To assist the TTC in advancing its Project Management Maturity in response to the KPMG Capital Project Delivery Review conducted in 2016 (Standards Support).,"  340,674 "
2022,Capital,Agencies and Corporations,Management / Research & Development,Toronto Transit Commission,16-Feb-21,C76SG21093,KPMG LLP,To provide support and auditing services in Innovation and Sustainability Report.,"  285,752 "
2022,Capital,Agencies and Corporations,Management / Research & Development,Toronto Transit Commission,21-May-20,C32PH20807,GEF Consulting Inc.,To provide procurement consulting support for complex vehicle purchases in accordance with TTC's procurement policy and industry best practice.,"  182,093 "
2022,Capital,Agencies and Corporations,Management / Research & Development,Toronto Transit Commission,16-Feb-21,C76SG21094,Optimus SBR Inc.,"Provide assistance to the TTC's Project Management Maturity initiatives and auditing services to assist with standards, procedures, tools and templates and management systems.","  362,802 "
2022,Capital,Agencies and Corporations,Management / Research & Development,Toronto Transit Commission,8-Nov-19,C31PU19974,CH2M Hill Canada Ltd,"To develop detailed designs for two Bus Rapid Transit (BRT) corridors and to implement exclusive bus lanes, stop consolidation, and all-door boarding to speed up bus service on Toronto’s busiest travelling corridors.","  259,514 "
2022,Capital,Agencies and Corporations,Legal ,Toronto Transit Commission,1-Sep-20,PU486771,Willms & Shier Environmental Lawyers,To complete the TTC's environmental legal services tank and tank system audit.,"  261,094 "
2022,Capital,Agencies and Corporations,Legal ,Toronto Transit Commission,29-Oct-18,C22PH19701,Chernos Flaherty Svonkin LLP,To provide legal counsel to the TTC for the arbitration and settlement negotiations with PRESTO.,"  62,674 "
2022,Capital,Agencies and Corporations,Legal ,Toronto Transit Commission,15-Feb-15,PU194658,Blakes LLP,To provide advice as it relates to partnering with Ontario Power Generation (OPG) Electrification and Toronto Hydro.,"  10,452 "
2022,Capital,Agencies and Corporations,Legal ,Toronto Transit Commission,26-Aug-22,PU572747,Blakes LLP,To provide legal services as it relates to the Yonge-Bloor Capacity Improvements Project and prepare Request for Proposal (RFP) documents.,"  311,473 "
2022,Capital,Agencies and Corporations,Technical ,Yonge-Dundas Square,10-Jun-22,1435,McIntosh Perry Limited,To perform a Building Conditions Assessment for the 2022 State of Good Repair assessment.,"  26,841 "
2022,Capital,Agencies and Corporations,Technical ,Yonge-Dundas Square,1-Nov-22,1837,McIntosh Perry Limited,To perform a Restoration Conditions Assessment for the 2022 State of Good Repair assessment.,"  11,750 "
2022,Capital,Agencies and Corporations,Technical ,Yonge-Dundas Square,14-Dec-22,1831,Dan Euser Water Architecture Inc,To perform a review and report on existing water feature conditions for the 2022 State of Good Repair assessment.,  300 
2022,Capital,Agencies and Corporations,Technical ,Yonge-Dundas Square,1-Dec-22,1917,Blackwell Structural Engineers,To perform an engineering/structural review of stage canopy for the 2022 State of Good Repair assessment.,  348 
2022,Capital,Agencies and Corporations,Technical ,Yonge-Dundas Square,10-Aug-22,1876,Fitzpatrick Electrical Contractor Inc,"To perform a visual inspection on all electrical equipment, Infra Red scan and provide a report for the 2022 State of Good Repair assessment.","  1,553 "
2022,Capital,Agencies and Corporations,Technical ,Yonge-Dundas Square,16-Nov-22,1905,Gorbern Mechanical Contractors Limited,To perform a camera inspection of all storm and sanitary drains by the public washrooms and green room for the 2022 State of Good Repair assessment.,"  1,320 "
2022,Capital,Agencies and Corporations,Technical ,Yonge-Dundas Square,13-Dec-22,1906,Gorbern Mechanical Contractors Limited,To perform a Fountain Back Flow Prevention device test for the 2022 State of Good Repair assessment.,  165 
2022,Capital,Agencies and Corporations,Technical ,Yonge-Dundas Square,10-May-22,1371,J.D. Barnes Limited,To provide a Topographic survey for the 2022 State of Good Repair assessment.,"  10,800 "
2022,Operating,City Manager,Information Technology,City Clerk's Office,26-May-22,3615932,Intelligent Connections Inc. ,"Risk Management Consultant services to support Election Services in assessing security controls related to election technologies used for in-person voting and optional mail-in voting, and ensure the secure management and maintenance of vote-counting equipment. ","  31,342 "
2022,Operating,City Manager,Technical ,Concept 2 Keys,20-May-21,6052155,Watson & Associates Economists Ltd,Consulting services for fee review of development application fees.,"  38,559 "
2022,Operating,City Manager,Management / Research & Development,Concept 2 Keys,26-Aug-21,6052439,KPMG LLP,"Consulting services for issues
management function review and the
development of a city-wide performance
measurement framework for
development review.","  177,113 "
2022,Operating,City Manager,Management / Research & Development,Governance & Corporate Strategy,19-Apr-22,3609127/3614850,Fiona Crean,"Research, consultation and governance analysis and review to develop recommended options for roles, responsibilities and mandate for the Housing Commissioner. The work began in 2021 and was completed with the delivery of a final report in 2022.","  33,276 "
2022,Operating,City Manager,Management / Research & Development,Governance & Corporate Strategy,15-Oct-21,3609518,Maytree Foundation,"Develop and implement an
engagement strategy, including with
Indigenous knowledge keepers,
community service providers, legal
clinics, those with lived experience to
inform the considerations of Housing
Commissioner options. The work began
in 2021 and was completed in 2022 and
informed the final report provided by
Fiona Crean to the City Manager in
2022.","  13,871 "
2022,Operating,City Manager,Management / Research & Development,Intergovernmental and Agency Relations,11-Jan-22,6053593,Ernst & Young LLP,Support to the City Manager for the Long Term Financial Plan,"  410,856 "
2022,Operating,City Manager,Management / Research & Development,Intergovernmental and Agency Relations,4-Oct-22,6053832,StrategyCorp Inc.,Support to the City Manager for the Long Term Financial Plan.,"  185,217 "
2022,Operating,City Manager,Management / Research & Development,Intergovernmental and Agency Relations,28-Feb-22,6053109,Canadian Urban Institute,For the provision of advice respecting the federal Housing Accelerator Fund.,"  100,000 "
2022,Operating,City Manager,Management / Research & Development,Intergovernmental and Agency Relations,11-Jan-22,6052958,Korn Ferry,An independent external review of executive compensation at City of Toronto's Agencies and Corporations (A&Cs) and advice on the City's existing Guiding Principles.,"  474,177 "
2022,Operating,City Manager,Management / Research & Development,Intergovernmental and Agency Relations,26-Aug-21,6052501,StrategyCorp Inc.,For the provision of strategic and inter-governmental affairs advice in supporting the Executive Leadership Table (ELT) consisting of the City Managers and CAOs of the GTHA municipalities (Regional Prosperity Alliance (GTHA-RPA) overview).,"  9,769 "
2022,Operating,City Manager,Management / Research & Development,People & Equity,26-Oct-22,6053912,Deloitte LLP,Lot 2: Recommendations to the reviewed model. Including a deep dive into and mapping of 17 processes in line with best practices and catered to the complexities of the City. Also a review of enabling technology was provided to meet the needs of recruitment in this model.,"  167,904 "
2022,Operating,City Manager,Information Technology,Office of the Chief Information Security Officer (CISO),20-Sep-20,6059068,KPMG LLP,"Consulting services were required to enhance the City's ransomware resilience to minimize the impact of a cyber-attack. The services included gap assessments and recommendations for Risk Management Framework, application security reviews, cyber policy & standard recommendations, ransomware strategy recommendations, etc. Consulting services were required to enhance the City's ransomware resilience to minimize the impact a cyber attack could cause if attackers managed to penetrate the City's technology defenses. The services included gap assessments and recommendations for Risk Management Framework, application security reviews, cyber policy & standard recommendations, ransomware strategy recommendations, etc. 

Note: In 2022, included $20,861 consulting tasks completed by KPMG on Public Key Infrastructure, BCP Policy, and Cloud Framework Development assessments/recommendation reported in 4038 (Professional services) in SAP BCP/DR Review and Policy","  97,860 "
2022,Operating,City Manager,Information Technology,Office of the Chief Information Security Officer (CISO),27-Oct-21,6052703,"LARES, LLC","Perform an adversarial simulation to simulate actual cyber-attacks at the City, to test City's readiness, as well as controls across the network, applications, and physical environment against cyber security risks.
The services provided are:
 - Planning, Framework, Scenario Development
- Information Gathering
- Red Team Exercise
- Open-Source Intelligence and Dark Web intelligence
- Physical intrusion for 30 sites
- Detailed Comprehensive Technical Report
- Executive Summary Report & Presentation","  11,753 "
2022,Operating,City Manager,Information Technology,Office of the Chief Information Security Officer (CISO),27-Jan-22,3612561,Ernst & Young LLP,"Develop a program to address cyber risks identified in City Agencies and Corporations (""Confirmation Program""). EY will support the City to identify and prioritize opportunities to enhance the Confirmation Program developed by the Office of the Chief Information Security Officer (CISO). ","  44,774 "
2022,Operating,City Manager,Information Technology,Office of the Chief Information Security Officer (CISO),7-Dec-22,6054047,Ernst & Young LLP,The City is seeking support with establishing a cyber Integrated Risk Management (IRM) program to support effective cyber risk governance and enhance the cyber risk assurance program.,"  198,228 "
2022,Operating,City Manager,Creative Communications,Office of the Chief Information Security Officer (CISO),21-Nov-22,3620993,Campbell Symons Design Inc,"Inaugural Office of the Chief Information Security Officer (CISO) Annual Report
- Initial design concepts
- Typesetting
- Layout and Type revisions
- Image search
- Photoshop images
- Production
- Create print files","  9,667 "
2022,Operating,Corporate Services,Information Technology,Technology Services,15-Nov-23,9480323,CBCI TELECOM,"To create and review the ModernTO AV design standards/specifications to be used as the guideline designs for implementing meeting rooms of various sizes for ModernTO construction projects; review Court Services AV requirements. Solotech is the City’s blanket contract vendor who provide Audio-Visual (AV) consultation services, including consultation, design and installations.","  2,671 "
2022,Operating,Corporate Services,Technical ,Environment & Climate,9-Apr-21,3603952,Exergy Associates LTD.,"To provide independent third party review of the measurement and verification (M&V) of Energy Service Companies (ESCO) implementation and commissioning activities and to review, comment and approve on the ESCOs report on Energy & GHG emissions Savings realized in the energy retrofit projects.","  7,117 "
2022,Operating,Corporate Services,Technical ,Environment & Climate,9-Apr-21,3603955,Morrison Hershfield,"To provide an independent third party review of the Measurement & Verification (M&V) and Commissioning Plan, advise the Energy Service Companies (ESCO) on the monitoring requirements for specific measures the ESCO plans to implement, oversee commissioning activities, and review, comment and approve on the ESCOs report on Energy & Green House Gas (GHG) emissions Savings realized in the energy retrofit projects.","  4,783 "
2022,Operating,Corporate Services,Technical ,Environment & Climate,27-Jul-22,3617639,SCC Consulting,To provide assistance in developing specific food purchasing and tracking language for RFQs that satisfy the City's Cool Food Pledge's requirements and to secure the 2019 food distribution purchasing data for Children’s Services.,"  4,579 "
2022,Operating,Corporate Services,Technical ,Environment & Climate,7-Dec-22,6054053,Carbon Consulting LLC,To provide services in Developing Toronto's Consumption-Based Emissions Inventory (CBEI) for the City of Toronto's Environment & Climate Division.,"  7,269 "
2022,Operating,Corporate Services,Technical ,Corporate Real Estate Management,3-Jun-22,6053409,IBI Group Professional Service,To provide professional IT network engineering consulting services for Toronto Parking Authority (TPA) Corporate Security Network Upgrade Project.,"  65,085 "
2022,Operating,Corporate Services,Management / Research & Development,Corporate Real Estate Management,4-Nov-21,6052741,Deloitte LLP,"To provide the Corporate Real Estate Management Division and CreateTO with options and considerations of a future state service delivery model and associated implementation roadmap in alignment with the goals of the City-Wide Real Estate transformation, as articulated in item EX25.9 (2017).","  150,605 "
2022,Operating,Corporate Services,Management / Research & Development,Corporate Real Estate Management,23-Jun-21,6052300,Lord Cultural Resources,To provide advisory and consulting services for St. Lawrence Market Precinct Plan and Strategic Plan 2022 to 2027.,"  55,269 "
2022,Operating,Corporate Services,Legal ,Corporate Real Estate Management,10-Jun-08,6025203,Davies Ward Phillips & Vineberg LLP,To provide legal advice in connection with the selection of the qualified potential lessees negotiation with stakeholder - Union Station.,"  327,654 "
2022,Operating,Community and Social Services,Management / Research & Development,"Parks, Forestry & Recreation",17-Aug-22,3618201,Robinson Global Management Inc.,Reviewed and evaluate documents for category management and provided edit suggestion or fairness comments/opinion.,"  7,693 "
2022,Operating,Community and Social Services,Technical ,Economic Development & Culture ,12-Nov-21,6052762,Jay Pitter Placemaking Inc.,"To plan, develop, and execute on the scope of work deliverables contracted as part of the Cultural District Designation Program and Little Jamaica Cultural District Master Plan.","  175,215 "
2022,Operating,Community and Social Services,Management / Research & Development,Economic Development & Culture ,29-Jun-21,3606438,Caldera Industries,To provide consulting for an eSports strategy.,"  18,317 "
2022,Operating,Community and Social Services,Management / Research & Development,Economic Development & Culture ,23-Nov-18,6048002,John Archer And Associates,To provide a Study of the Current State and Future of the City's Retail Main Streets.,"  1,970 "
2022,Operating,Community and Social Services,Management / Research & Development,Economic Development & Culture ,7-Jul-21,3606609,NGL Nordicity Group Ltd,For the provision of a qualified vendor or firm with experience in Interactive Digital Media (IDM).,"  13,351 "
2022,Operating,Community and Social Services,Management / Research & Development,Economic Development & Culture ,13-Aug-21,6052455,PricewaterhouseCoopers LLP,"To develop a report on  the impact of COVID-19 on Toronto's downtown core, as well as a study on impacts of COVID-19 on Toronto's overall economy and provide recommendations on activities to support recovery. ","  86,496 "
2022,Operating,Community and Social Services,Management / Research & Development,Economic Development & Culture ,3-Jun-22,6053404,11438832 Canada Inc,"To provide a Food and Beverage Strategy to Fort York National Historic Site and The Bentway Conservancy in order to implement quality and high standard food and beverage services that engage the public with distinctive and relevant offerings, augment visitor welcome, and connect to the unique and multi-layered narratives of the site. The strategy will also provide recommendations for the layout and operation for the Fort York Visitor Centre's Servery kitchen, pricing options and flexible partnership opportunities. ","  27,873 "
2022,Operating,Community and Social Services,Management / Research & Development,Economic Development & Culture ,26-Apr-22,3615068,"Chiblow, Savanna","To engage Indigenous Consultants to review the Indigenous Arts Festival and create a strategy with recommendations on how the IAF should move forward. Indigenous consultants connected with Indigenous partners, community members and key informants, as well as COT internal stakeholders to inform this strategy. 

The strategy contains recommendations regarding IAF planning including community and anchor partnerships, venue set-up, production, communications, outreach and marketing, staffing, grants and sponsorship, accessibility and school programs.","  12,544 "
2022,Operating,Community and Social Services,Management / Research & Development,Economic Development & Culture ,26-Apr-22,3615067,"Fleming, Jessica Lea","To engage Indigenous Consultants to review the Indigenous Arts Festival and create a strategy with recommendations on how the IAF should move forward. Indigenous consultants connected with Indigenous partners, community members and key informants, as well as COT internal stakeholders to inform this strategy. ","  12,736 "
2022,Operating,Community and Social Services,Management / Research & Development,Economic Development & Culture ,28-Nov-22,3621205,"Rawlings, Frances","To engage stakeholders to receive feedback on a report developed pertaining to the Youth Cultural Incubators Stabilization Initiative (YCISI) and youth arts sector in Toronto.  Stakeholders at the feedback session included YCISI organizations, City staff and third party cultural sector staff who contributed to the report and earlier consultation.","  2,340 "
2022,Operating,Community and Social Services,Management / Research & Development,Economic Development & Culture ,29-Nov-21,3610998,Creative Process Inc,"To complete research about community cultural development and develop a survey and consultation process for members of the arts community and the public in order to conduct a review of the cultural sector in Toronto over the last five years. Creative Process Inc. was responsible for developing a report including their research, and results of consultations, survey and recommendations for moving forward.  ","  50,371 "
2022,Operating,Community and Social Services,Management / Research & Development,Economic Development & Culture ,7-Nov-22,3620564,"Pandya, Parul",To conduct research and review relevant reports in order to develop an intensive facilitated workshop with arts organizations to help set priorities for future Youth Cultural Incubators Stabilization Initiative organizations. ,"  1,221 "
2022,Operating,Community and Social Services,Management / Research & Development,Economic Development & Culture ,29-Sep-22,3619386,Ipsos Limited,"To gauge industry perceptions of existing restaurant support programs, including overall satisfaction from key industry organizations and restaurants (owners, operators, staff) as well as opinions regarding impactful, potential programs that could be deployed in future.  ","  27,648 "
2022,Operating,Community and Social Services,Management / Research & Development,Economic Development & Culture ,29-Apr-22,6053304,Ipsos Limited,"To conduct quantitative/qualitative research to gauge industry and public awareness/opinion of restaurant support programs produced by the City of Toronto to assist in the evaluation of existing support programs and the potential development of new ones.  More specifically, the research will be used to inform the potential creation of new City of Toronto restaurant support programs. Services will also include expected participation, industry and public perceptions, sentiments, audience profile, and demographics. ","  70,744 "
2022,Operating,Community and Social Services,Management / Research & Development,Economic Development & Culture ,14-Apr-22,6053268,NGL Nordicity Group Ltd,"To provide a comprehensive music strategy for the City of Toronto.  The Music Strategy is a five-year strategy that builds on the 2016 Toronto Music Strategy, refreshing key elements while introducing new pillars that reflect current and future priorities for the municipal government in supporting and growing Toronto's music ecosystem.","  20,992 "
2022,Operating,Community and Social Services,Management / Research & Development,Economic Development & Culture ,31-Jan-22,3612611,Overlap Associates Inc.,To provide facilitation for Economic Development and Culture's 2023 strategic and operational planning process to be aligned to the 2023 Budget process.,"  38,923 "
2022,Operating,Community and Social Services,Management / Research & Development,Economic Development & Culture ,25-Oct-22,3620171,Ramsden and Associates,"To review current inventory holdings at Fort York and Spadina Museums, provide advice on which inventory to highlight and which inventory to discount (to allow for increase Toronto History Museums (THM) identity alignment) and provide a new template for inventory tracking sheets that will better communicate with a POS system.","  2,500 "
2022,Operating,Community and Social Services,Management / Research & Development,Economic Development & Culture ,2-Aug-22,3617771,Solutions Elevent Inc,To present the evaluation report of findings and recommendations from the vendors (Solutions Elevent Inc.)  prior work in 2020 with the Divisions Program Support Services Sponsorship Unit Review. ,"  3,051 "
2022,Operating,Community and Social Services,Management / Research & Development,Economic Development & Culture ,13-Jul-22,3617235,Ramsden and Associates,"To review the Toronto History Museums (THM) e-commerce and Museum Store front retail operations and provide recommendations on how to advance retail operations at THM.  

Project Objectives included: 
•	Investigate and assess the operational relationships among the museum sites, the store front shops and the online. 
•	Examine what about retail operations is working well and the challenges and roadblocks we currently face and strategize on how to address these challenges. 
•	Define what success looks like for retail operations and how to measure success and formulate the steps to move forward effectively.  

The strategy includes an environmental scan of current practices, recommendations for incorporating best practices in retail operations, recommendations re the future viability of sites’ retail operations, and how to create stronger THM identity awareness and cohesiveness between THM and the visitor experience.","  12,650 "
2022,Operating,Community and Social Services,Creative Communications,Economic Development & Culture ,20-Aug-21,3607942,"Rawlings, Frances",To provide consulting services for the Youth Cultural Incubators Stabilization Initiative. Services include mapping out and better understanding the youth arts sector in Toronto and to advise as to next steps for the current cohort and to help shape the program for a new cohort. ,"  15,207 "
2022,Operating,Community and Social Services,Management / Research & Development,"Social Development, Finance & Administration",19-Jul-22,6053622,There Management Consulting Inc.,To provide consulting services to develop the structure for the new Community Safety and Well-Being Section of SDFA that integrates existing community safety functions from Community Resources and the Executive Director’s office. ,"  106,931 "
2022,Operating,Community and Social Services,Management / Research & Development,"Social Development, Finance & Administration",15-Jul-22,3619781,Chanel Grenaway and Associates,"To assist with the development of the Black-Mandated Funding Framework (to address the underinvestment of Black-mandated organizations and groups in response to the Toronto Action Plan to Confront Anti-Black Racism Action 5.1: Increase stable funding to Black community organizations providing essential services to better meet the needs and aspirations of Black Torontonians). This includes engaging with Black communities for consultation and supporting with the reviewing of the Framework for inclusion in the CABR Year 4 Report to council. Adopted recommendations are to enhance the City’s ability to invest in Black-Mandated organizations in a comprehensive and systematic way, while improving monitoring and evaluation outcomes.","  14,721 "
2022,Operating,Community and Social Services,Management / Research & Development,"Social Development, Finance & Administration",N/A,Schedule A,Downtown Yonge BIA,To analyze and assess data related to the evaluation of the Yonge Dundas Enhanced program. Reviews and recommends appropriate data to be collected to identify key trends to improve the impact and effectiveness of the program to meet the intended outcomes. Provides recommendations and framework of how the data collected can be used for the Downtown East area.,"  20,000 "
2022,Operating,Community and Social Services,Management / Research & Development,"Social Development, Finance & Administration",N/A,6052075,Organisports Consultants Inc.,To provide consulting services for the budget and business plan development for the City of Toronto as Candidate Host City for the FIFA World Cup 2026.Documents required for Federal and Provincial funding application to be submitted by Canada Soccer on behalf of World Cup 2026 Host Cities. Timeframe was March – July 2021.  March 2022 budget review and refresh required due to pandemic-induced changes and FIFA information updates.,"  17,739 "
2022,Operating,Community and Social Services,Management / Research & Development,"Social Development, Finance & Administration",N/A,6053485,Arts & Communications Counselors,To perform valuation services of the FIFA Commercial Rights Package as part of budgeting exercise required for Federal and Provincial funding application to be submitted by Canada Soccer on behalf of World Cup 2026 Host Cities. ,"  25,000 "
2022,Operating,Community and Social Services,Management / Research & Development,Children's Services,18-Oct-21,3609589,Daniel Consulting Group,To provide external consultant services to support confronting anti-black racism and intersecting barriers at Toronto Child and Family Network.,"  28,493 "
2022,Operating,Community and Social Services,Technical ,Public Health,30-Dec-19,6050025,Perkins & Will,To support the development of a renewed neighbourhood vision for the Mount Dennis area and to recommend tools to implement the vision. ,"  18,133 "
2022,Operating,Community and Social Services,Creative Communications,Public Health,9-Feb-22,6053043,ACI Argyle Communications Inc.,"For the provision of developing a strategic six-month communication plan for TPH to mitigate and manage communications in real time, media relations, social media community management, stakeholder engagement and ad hoc communications support .","  35,699 "
2022,Operating,Community and Social Services,Information Technology,Public Health,8-Nov-21,3610282,Laryssa Landale,To provide data base analysis clean up for Preschool Speech & Language (PSAL)/Infant Hearing Program (IHP)/Blind-Low Vision (BLV) Reports.,"  6,477 "
2022,Operating,Community and Social Services,Management / Research & Development,Seniors Services and Long-Term Care,8-Apr-22,Schedule A,National Initiative For The Care,To provide consulting services for preparatory evaluation work for CareTo. ,"  11,250 "
2022,Operating,Community and Social Services,Technical , Toronto Shelter & Support Services,n/a,n/a,CAMH,"Shelter Safety Study: Examining Shelter - based Violence and Service Restrictions among People Experiencing Homelessness, people with mental illness and cognitive impairment, people who use substances, transgender and non-binary individuals, Black, Indigenous, and People of Colour, Women. Analysis, assessment and recommendations are provided in this study.","  100,344 "
2022,Operating,Community and Social Services,Management / Research & Development, Toronto Shelter & Support Services,8-Dec-21,3611323,Pruginic Snjezana,"To assess, provide and develop a Divisional Mental Health support program for all staff through identifying and assessing mental health practices and supports across the division including city-operated shelters and complete extensive consultation and engagement with staffing providing comprehensive report which will include a guiding framework and proposed Mental Health Program outline with an implementation plan.","  31,859 "
2022,Operating,Community and Social Services,Management / Research & Development,Employment & Social Services,17-Oct-22,6053875,"ZIZYS, TOM","This non-competitive procurement is for expert consulting services to help inform the City's response to City Council adopted recommendation 4 (Agenda Item History - 2021.EC21.2). As the City advances this work and considers its future role in the employment services landscape, an external consultant with specialized skills and competencies is required to help guide City decision makers. This customized support will help the City identify considerations with respect to a potential governance model and internal capacity needs and organizational structure as well as elements of a renewed workforce development (WFD) strategy to best support an enhance and more influential role for the City in the WFD landscape. The above Council recommendation requires intensive collaboration among various City divisions and partners to establish a robust position on the role of municipal government in employment services transformation. This kind of capacity does not currently exist within the City. ","  17,554 "
2022,Operating,Community and Social Services,Management / Research & Development,Employment & Social Services,18-Aug-21,3607892,"ZIZYS, TOM","Consultant to help shape key project and research elements that will inform the following City Council adopted recommendation: City Council direct the General Manager, Toronto Employment and Social Services to engage with other divisions and Toronto Public Library, as well as community and workforce development stakeholders, as appropriate, to assess how the City of Toronto can best advance its workforce development priorities and support residents in a transformed employment services system, including whether the City should pursue the new employment service system manager role and, if so, in what configuration and report on findings and recommendations in the second quarter of 2022.","  9,540 "
2022,Operating,Development and Growth Services,Technical ,Housing Secretariat,14-Dec-22,3603253,PSN Performance Solutions,"To provide up to date knowledge, expertise, print and online resources for resident and operator exercises and materials to encourage conservation behaviours. To provide instructor -led sessions for train the trainer model tenant engagements. ",  84 
2022,Operating,Development and Growth Services,Technical ,Housing Secretariat,7-Jul-22,Schedule A,Beam Group Inc,To review the Homeownership Program under City Council's direction 2021.PH25.9 and provide recommendations to improve the program.,"  65,646 "
2022,Operating,Development and Growth Services,Technical ,Housing Secretariat,30-Dec-22,Schedule A,Beam Group Inc,To review the Homeownership Program under City Council's direction. 2021.PH25.9 and provide recommendations to improve the program.,"  24,279 "
2022,Operating,Development and Growth Services,Information Technology,Housing Secretariat,21-Feb-21,6051774,Lura Consulting,"To communicate, engage strategy development and facilitate for several supportive housing projects funded through federal and City funding to address the urgent need for creating supportive housing (Modular housing Initiative Phase 2 - 2021).","  52,780 "
2022,Operating,Development and Growth Services,Management / Research & Development,Housing Secretariat,19-Aug-22,Schedule A,Housing Services Corporation,"To provide consulting services to assist the Housing Strategic Steering Committee's (which CoT is a member of) identified need for a community of practice Technical Table. Specifically to focus on the development of tools, templates and resources to assist Service Managers and DSSABs in negotiating Service Agreements with housing providers. 
Consulting scope of work entails supporting this Technical Table in developing standardized Service Agreement terms and conditions that can be used across the Province to support capacity and consistency among all Service Managers/DSSABs.  ","  3,616 "
2022,Operating,Development and Growth Services,Management / Research & Development,Housing Secretariat,17-May-22,3615704,Creative Process Inc,"To support consultation with stakeholders (housing providers, people with lived experience, sector organizations, Indigenous partners) to inform two pieces of policy work: (1) reviewing the rent geared to income (RGI) local priority rules, and (2) determining an allocation methodology for affordable rental housing. This included conducting, facilitating and summarizing 6 virtual focus group sessions, designing and analyzing the results of a public survey and completing a final report.","  44,571 "
2022,Operating,Development and Growth Services,Management / Research & Development,Housing Secretariat,4-Oct-22,6053827,Canadian Urban Institute,To provide services to create a housing-focused decision support and information sharing system for municipalities in the Greater Toronto and Hamilton Region that facilitates the collection and dissemination of housing and related data for use in policymaking and intergovernmental advocacy. The cost for these consulting services will be shared with other GTHA governments. ,"  50,000 "
2022,Operating,Development and Growth Services,Management / Research & Development,Housing Secretariat,5-May-22,3614543,Wellesley Institute - Dr. Kwame Julius McKenzie (CEO),"To provide research to gain a more fulsome understanding of eviction trends in Toronto and identify how the City can improve its evidence base and data collection going forward to inform policy and program development. The consultant provided a final report to the City with a preliminary gap-analysis of the City's evidence base that can be solved with data collection and sharing; research and data sources that describe the extent of the formal eviction problem; recommendations, options, and methods to improve data collection, analysis, sharing within the City and its stakeholders, including staffing, structure, technology and tools; outline of the resources and data-sharing permissions with partners needed to inform a housing data strategy for the City of Toronto from an evictions perspective.","  13,893 "
2022,Operating,Development and Growth Services,Technical ,Toronto Building,1-Apr-20,6050405,KPMG LLP,"To provide consulting services to support the transformation to accelerate and guide the implementation activities and support the Implementation Team for the Toronto Building Program Review and Cost Allocation Methodology Project, through the  provision of strategic advice.","  215,016 "
2022,Operating,Development and Growth Services,Technical ,City Planning ,16-Apr-20,47020913,WSP Canada Inc.,To provide a peer review of the Rail Safety Study.,"  14,432 "
2022,Operating,Development and Growth Services,Technical ,City Planning ,12-Oct-21,Schedule A,Freedman Urban Solutions Inc.,To provide independent professional land use planning services in the Official Plan and Zoning by-law Amendment and Draft Plan of Subdivision Appeal for 2650 St. Clair Avenue West.,"  9,286 "
2022,Operating,Development and Growth Services,Technical ,City Planning ,30-Jun-21,Schedule A,Urban Metrics Inc.,To provide consulting services on the Golden Mile Secondary Plan - Market Analysis on non-residential uses within the Golden Mile Area.,"  14,920 "
2022,Operating,Development and Growth Services,Technical ,City Planning ,28-Feb-22,Schedule A,LEA Consulting Ltd,For provision of the Vaughan Yonge Street Peer Review.,"  28,214 "
2022,Operating,Development and Growth Services,Technical ,City Planning ,30-Mar-22,Schedule A,CreateTO,For provision of technical advisory services for selection of a design partner for 11 Bay Street.,"  20,352 "
2022,Operating,Development and Growth Services,Technical ,City Planning ,24-Nov-21,Schedule A,Re Millward & Associates Ltd.,To provide services in expert witness for the Ontario Land Tribunal Hearing on 2650 St. Clair Avenue West.,"  12,626 "
2022,Operating,Development and Growth Services,Technical ,City Planning ,15-Jul-20,3595225,WSP Canada Inc.,"To provide a peer review of the Transportation Noise, Vibration Feasibility Assessment and D-6 Compatibility Assessment Study at 320 McCowan Road.","  1,018 "
2022,Operating,Development and Growth Services,Legal ,City Planning ,9-Mar-22,Schedule A,Diana Birchall,To provide services in expert witness for the Ontario Land Tribunal Hearing for 625 Church Street.,"  19,488 "
2022,Operating,Development and Growth Services,Creative Communications,City Planning ,4-Oct-22,3619551,Brand and Mortar,To develop a communications and branding strategy for the Toronto Green Standard (TGS) to improve the uptake and desirability of achieving adoption of Tier 2 and higher standards in new developments.,"  28,493 "
2022,Operating,Finance and Treasury Services,Management / Research & Development,Financial Planning ,28-Jun-22,6053499,Ernst & Young LLP,For the consulting services to support the work of the Greater Toronto Hamilton Area-Regional Prosperity Alliance by identifying potential procurement opportunities for the GTHA Procurement Members to find potential benefits (cost savings or cost reduction) through collaborating on procurement. ,"  48,912 "
2022,Operating,Finance and Treasury Services,Management / Research & Development,Capital Markets,,Schedule A,Aon Hewitt Inc.,To provide strategic advice to the Toronto Investment Board.,"  117,024 "
2022,Operating,Finance and Treasury Services,Management / Research & Development,Purchasing & Materials Management ,19-Jun-20,6050708,Ernst & Young LLP,To provide services to support the execution of Phase 2 and to identify new opportunities for savings for Category Management and Strategic Sourcing (CMSS).,"  5,073,426 "
2022,Operating,Finance and Treasury Services,Management / Research & Development,"Pension, Payroll & Employee Benefits",29-Mar-21,47023537,Mercer (Canada) Limited,"The provision of subject matter expertise during collective bargaining, review of underwriting methodologies, dependent verification exercise, future marketing of benefit programs, as well as auditing of the benefit carriers on behalf of the City.","  772,467 "
2022,Operating,Finance and Treasury Services,Management / Research & Development,"Pension, Payroll & Employee Benefits",13-Jul-22,6053548,P1 Consulting Inc,Consulting services provided with respect to a Joint Procurement of an Employee Benefits Program for the Toronto Police Services Board (TPSB) and the Toronto Transit Commission (TTC).,"  3,431 "
2022,Operating,Finance and Treasury Services,Legal ,"Pension, Payroll & Employee Benefits",22-Jun-12,6035311,"Osler, Hoskin & Harcourt, LLP",To provide in-depth legal advice for five non-Ontario Municipal Employees' Retirement System (OMERS) pension plans merged with OMERS.,"  121,891 "
2022,Operating,Finance and Treasury Services,Management / Research & Development,Revenue Services,3-Feb-21,6051977,Hemson Consulting Ltd.,"Professional Consulting Services for Development Charges, Community Benefit Charges, and Alternative Parkland Dedication Rate for the City of Toronto.","  501,115 "
2022,Operating,Finance and Treasury Services,Management / Research & Development,Revenue Services,18-May-21,6052151,ACI Argyle Communications Inc.,"To provide professional public engagement and strategic communications services to support the Growth Funding Tools initiative, including preparing and delivering a comprehensive communications strategy and stakeholder engagement process.","  111,965 "
2022,Operating,Finance and Treasury Services,Management / Research & Development,Office of the Controller,11-Apr-22,6053248,StrategyCorp Inc.,To provide consulting support to develop key deliverables for the Growth Funding Tools Project that is mandated by the province. ,"  40,704 "
2022,Operating,Finance and Treasury Services,Management / Research & Development,Office of the Controller,31-Dec-21,6053017,KPMG LLP,"To perform a Business Process Mining (BPM) (P2P Data analysis) study to address procurement process controls, oversight, and policies. ","  20,352 "
2022,Operating,Infrastructure Services,Technical ,Municipal Licensing & Standards,15-Jun-22,3616440,Valcoustics Ltd.,"To provide development of Technical Manual (HRS), planning/development of Training Course, and delivery of Training Course and Knowledge.","  42,739 "
2022,Operating,Infrastructure Services,Management / Research & Development,Municipal Licensing & Standards,26-Nov-21,6052811,Nanos Research Corp,To perform public opinion research to support staff analysis on recommended Bylaw changes.,"  12,924 "
2022,Operating,Infrastructure Services,Management / Research & Development,Municipal Licensing & Standards,23-Jul-21,3607173,Rentlogic Corporation,To provide services and documentation to RentSafeTO systems using Rentlogic's program as a standards organization that measures and rates the quality of multi-family residential buildings.,"  25,437 "
2022,Operating,Infrastructure Services,Management / Research & Development,Municipal Licensing & Standards,24-Feb-23,Schedule A,University Of Toronto,To perform a formal emissions study to review data and conduct modelling and provide analysis which ML&S will then use as part of a suite of recommendations. ,"  88,000 "
2022,Operating,Infrastructure Services,Management / Research & Development,Municipal Licensing & Standards,28-Aug-23,3626249,Strategic Counsel,To perform public opinion research to support staff analysis for reports submitted to Council.,"  23,150 "
2022,Operating,Infrastructure Services,Management / Research & Development,Transit Expansion Office,24-Oct-22,6053889,Parsons Inc.,To perform a high-level due diligence review of the Metrolinx proposal for the location of Ontario Line (OL) Osgoode Station (at Queen Street and University Avenue). ,"  45,083 "
2022,Operating,Infrastructure Services,Technical ,Transportation Services,23-Jul-21,9403062,AECOM CANADA LTD,To provide consulting services relating to the Parking Strategy Expert Peer Review Panel.,"  3,829 "
2022,Operating,Infrastructure Services,Technical ,Transportation Services,9-Nov-22,3620664,ANNE HARVEY COLLABORATIONS,To facilitate CaféTO BIA Feedback Sessions on changes being proposed. ,"  3,000 "
2022,Operating,Infrastructure Services,Technical ,Transportation Services,26-Jan-22,6053010,CIMA Canada Inc.,To provide consulting services for traffic signals - left turn phase-studies. ,"  224,463 "
2022,Operating,Infrastructure Services,Technical ,Transportation Services,25-Oct-21,9422354,CIMA Canada Inc.,To provide consulting services for traffic signals - LED signal module conversion.,"  33,238 "
2022,Operating,Infrastructure Services,Technical ,Transportation Services,1-Jun-22,6053397,HDR CORPORATION,To provide consulting services for the winter maintenance contract administration. ,"  147,145 "
2022,Operating,Infrastructure Services,Technical ,Transportation Services,28-Mar-22,9453171,Parsons Inc.,To prepare a school crossing warrant analysis survey with recommendations for warranted locations. ,"  100,585 "
2022,Operating,Infrastructure Services,Technical ,Transportation Services,8-Dec-22,Schedule A,Toronto and Region Conservation Authority,To perform the Green streets design review and provide monitoring / inspection services.,"  22,433 "
2022,Operating,Infrastructure Services,Technical ,Transportation Services,27-Oct-22,Schedule A,UNIVERSITY OF TORONTO,To perform consulting services for City Logistics for the Urban Economy(CLUE): Logistics solutions for distribution in the last-mile economy. ,"  90,000 "
2022,Operating,Infrastructure Services,Technical ,Transportation Services,29-Jun-22,9474884,WSP Canada Inc.,To prepare the school crossing warrant analysis survey with recommendation for warranted locations. ,"  71,165 "
2022,Operating,Infrastructure Services,Technical ,Transportation Services,6-Jul-22,9476456,WSP Canada Inc.,To perform sidewalk inspections for the City's yearly Minimum Maintenance Standards. ,"  445,631 "
2022,Operating,Infrastructure Services,Technical ,Transportation Services,4-Oct-22,9496182,WSP Canada Inc.,"To perform consulting services in relation to LED Signal Module Conversion – Phase 5, services include field data collection and contract administration services. ","  52,699 "
2022,Operating,Infrastructure Services,Technical ,Transportation Services,31-Dec-22,Schedule A,BlueMetic Environmental Inc. ,To perform consulting services to inform next steps in litigation in relation to a contaminated land claim. ,"  186,248 "
2022,Operating,Infrastructure Services,Technical ,Transportation Services,31-Dec-22,Schedule A,Terrapex Environmental Services,To prepare a Remedial Action Plan to address impacts to the environmental quality of soil and groundwater at 1597 Queen Street East.,"  5,699 "
2022,Operating,Infrastructure Services,Technical ,Transportation Services,10-Sep-21,6052548,IBI Group Professional Service,"To provide consulting services relating to CaféTO additional services,  which include traffic plans for the safe closure of curb lanes and expanded outdoor dining.","  12,746 "
2022,Operating,Infrastructure Services,Technical ,Transportation Services,5-Aug-21,9405660,WSP Canada Inc.,To provide consulting services for the School Crossing Guard (SCG) Warrant Standard Operating Procedure (SOP).,"  13,334 "
2022,Operating,Infrastructure Services,Technical ,Transportation Services,28-Jan-21,6051688,WSP Canada Inc.,To provide a park viability assessment for University Ave Park Feasibility Phase 2.,"  48,324 "
2022,Operating,Infrastructure Services,Management / Research & Development,Transportation Services,21-Dec-20,3600563,ALTA PLANNING + DESIGN CANADA,To conduct a business process review between Transportation Services (TS) & Engineering & Construction Services for potential improvements to internal processes for capital projects.,"  5,163 "
2022,Operating,Infrastructure Services,Management / Research & Development,Transportation Services,27-Aug-21,6052508,Ernst & Young LLP,To perform a review of the City's street sweeping operations to provide recommendations for a future state roadmap.,"  348,457 "
2022,Operating,Infrastructure Services,Management / Research & Development,Transportation Services,26-May-22,9467185,Steer Davies Gleave North America,To perform a scan of revenue streams for the municipality to support the Division's ongoing cost recovery strategy.,"  53,358 "
2022,Operating,Infrastructure Services,Management / Research & Development,Transportation Services,19-Dec-22,6054101,Strategic Counsel,To perform research for the Navigating City Sidewalks and Streets project to support decisions for investments into preventing barriers for people with disabilities. ,"  15,366 "
2022,Operating,Infrastructure Services,Management / Research & Development,Transportation Services,1-Jan-22 & 31-Dec-22,Schedule A,UNIVERSITY OF TORONTO,To perform research in support of the City's Automated Vehicles Tactical Plan to managing travel demand which will inform policy that will align zero-occupant vehicle use.,"  49,770 "
2022,Operating,Infrastructure Services,Management / Research & Development,Transportation Services,01-Feb-22 & 15-Aug-22,Schedule A,UNIVERSITY OF TORONTO,To perform research for the Centre for Automated and Transformative Transportation Systems (iCity-CATTS) Phase 1 - Building the Analytical Foundation to inform the City on approaching transformative transportation technologies. ,"  100,000 "
2022,Operating,Infrastructure Services,Management / Research & Development,Transportation Services,2-Jan-23,Schedule A,UNIVERSITY OF TORONTO,To perform research in support of accessibility initiatives to inform the City's future plans. ,"  74,000 "
2022,Operating,Infrastructure Services,Management / Research & Development,Transportation Services,28-Apr-22 & 21-Dec-22,Schedule A,UNIVERSITY OF TORONTO,To perform research on street sweeping and air quality which will inform how street sweeping influences near road air quality and identify governing parameters to help the City develop operational guidelines for their level of service. ,"  39,760 "
2022,Operating,Infrastructure Services,Legal ,Transportation Services,19-May-22,PR14266,INVESTIGATIVE POWER INC,To perform asset investigations via Legal Services Division to inform City's legal activities. ,"  1,476 "
2022,Operating,Infrastructure Services,Creative Communications,Transportation Services,2-Nov-20,Schedule A,CYCLE TORONTO,To provide consulting services for Bike Month Partnership 2022. ,"  15,000 "
2022,Operating,Infrastructure Services,Management / Research & Development,Engineering & Construction Services,25-Jun-21,6052353,KPMG LLP,"To provide consulting services to conduct an assessment of the  Development Engineering (Dev. 
Eng.) service model with recommendations to improve performance, enhance customer service, foster a supportive, staff-focused culture, and align with the City’s broader development services transformation.","  106,085 "
2022,Operating,Agencies and Corporations,Management / Research & Development,Lakeshore Arena Corporation,4-Jan-22,n/a,Grant Thornton Ltd,"To act as a financial advisor and to review, report and make recommendations to the Board on the arena's business and financial affairs.","  30,000 "
2022,Operating,Agencies and Corporations,Management / Research & Development,Lakeshore Arena Corporation,26-May-23,n/a,Business Transition Alliance,To develop a 5-year strategic plan and 35-year financial model on behalf of the Corporation,"  72,500 "
2022,Operating,Agencies and Corporations,Legal ,Lakeshore Arena Corporation,10-Oct-23,n/s,Borden Ladner Gervais L.L.P.,Provide legal advice for tenant agreements,"  6,071 "
2022,Operating,Agencies and Corporations,Technical ,Exhibition Place,2-Nov-22,18233,Studio TLA,Centennial Square Revitalization - design consulting services,"  11,345 "
2022,Operating,Agencies and Corporations,Management / Research & Development,Exhibition Place,19-Apr-22,17837,AM FM Consulting,Accessibility Reviews,"  7,000 "
2022,Operating,Agencies and Corporations,Legal ,TO Live,As billed,n/a,"C. Derrick Chua, Barrister & Solicitor",Consulting Fee Feist-Multitudes  Project ,  750 
2022,Operating,Agencies and Corporations,Legal ,TO Live,As billed,n/a,City of Toronto (Legal),Executive  office- Legal Services,"  3,050 "
2022,Operating,Agencies and Corporations,Legal ,TO Live,As billed,n/a,Ellen Low Employment Law,Legal Fees -Employment Matters,"  2,500 "
2022,Operating,Agencies and Corporations,Legal ,TO Live,As billed,n/a,Hicks Morley Hamilton Stewart Storie,Labour General -Legal Fees ,"  16,875 "
2022,Operating,Agencies and Corporations,Legal ,TO Live,As billed,n/a,Levitt Sheikh Chaudhri & Swann LLP,Legal Fees -Employment Matters,"  4,438 "
2022,Operating,Agencies and Corporations,Legal ,TO Live,As billed,n/a,ODACC (Ontario Dispute Adjudication for Constriction Contracts),Executive Office legal for Adjudication,"  2,550 "
2022,Operating,Agencies and Corporations,Creative Communications,TO Live,As billed,n/a,"AMS Analytics, LLC",Consulting for benchmarking data for performing arts centers,"  15,315 "
2022,Operating,Agencies and Corporations,Creative Communications,TO Live,As billed,n/a,AMS Planning & Research,Strategic Plan Consulting,"  11,058 "
2022,Operating,Agencies and Corporations,Creative Communications,TO Live,As billed,n/a,Jordan C. Bowden,Creative direction development for an year-end giving campaign,"  2,330 "
2022,Operating,Agencies and Corporations,Creative Communications,TO Live,As billed,n/a,LEAP Consulting,Consulting for E&E Strategy Development Work,"  7,500 "
2022,Operating,Agencies and Corporations,Creative Communications,TO Live,As billed,n/a,Rose A. Cutrara,Indigenous Consultation ,  500 
2022,Operating,Agencies and Corporations,Creative Communications,TO Live,As billed,n/a,StrategyCorp Inc.,Indigenous Community Consulting,"  77,250 "
2022,Operating,Agencies and Corporations,Creative Communications,TO Live,As billed,n/a,Underline Studio,Consulting for Brand Design,  505 
2022,Operating,Agencies and Corporations,Creative Communications,TO Live,As billed,n/a,LRI Engineering,Consulting for (EMP) Emergency Management Plans,  690 
2022,Operating,Agencies and Corporations,Technical ,Toronto Seniors Housing Corporation,29-Jun-22,242612,iSecurity Consulting Inc.,"MSO365 managed services for TSHC, TSHC website management","  22,916 "
2022,Operating,Agencies and Corporations,Technical ,Toronto Seniors Housing Corporation,29-Jun-22,242613,iSecurity Consulting Inc.,TSHC website management,"  27,800 "
2022,Operating,Agencies and Corporations,Management / Research & Development,Toronto Seniors Housing Corporation,29-Jun-22,242608,DSA Corporate Services Inc,Board support for TSHC transition,"  10,338 "
2022,Operating,Agencies and Corporations,Management / Research & Development,Toronto Seniors Housing Corporation,8-Sep-22,246917,PREDICTIVE SUCCESS CORPORATION,"Leadership Assessments – As required services 
","  1,500 "
2022,Operating,Agencies and Corporations,Legal ,Toronto Seniors Housing Corporation,24-Aug-22,246070,Hicks Morley Hamilton Stewart Storie,Legal Services as required,"  8,586 "
2022,Operating,Agencies and Corporations,Legal ,Toronto Seniors Housing Corporation,29-Jun-22,242600,Levitt Di Lella Duggan & Chaplick LLP,Retainer for TSHC transition,"  6,404 "
2022,Operating,Agencies and Corporations,Legal ,Toronto Seniors Housing Corporation,30-Jun-22,242692,McInnes Cooper,HST Consulting,"  1,923 "
2022,Operating,Agencies and Corporations,Legal ,Toronto Seniors Housing Corporation,29-Jun-22,242599,ROBINS APPLEBY LLP,Retainer for TSHC transition,"  51,987 "
2022,Operating,Agencies and Corporations,Technical ,Toronto Community Housing Corporation,1-Mar-22,212557,ARCADIS CANADA INC.,Provide Opinion on Contamination Matters at 110 Mornelle Court,"  5,412 "
2022,Operating,Agencies and Corporations,Technical ,Toronto Community Housing Corporation,13-Jun-22,233111,INNOVATIVE FIRE INC.,Site visit to confirm/obtain information for theASP. Review standpipe requirements outlined in the OBC. Develop ASP for submission to Toronto Fire Servicesission to TFS for any comments or questions,"  16,400 "
2022,Operating,Agencies and Corporations,Information Technology,Toronto Community Housing Corporation,17-Nov-22,244875/ 244876,CDW CANADA CORP.,CommVault Professional Service for security Readiness Remediation,"  49,601 "
2022,Operating,Agencies and Corporations,Management / Research & Development,Toronto Community Housing Corporation,As billed,75205,KPMG LLP,"To provide research, consultation services and development of opportunities to Toronto Community Housing Corporation (TCHC).","  75,567 "
2022,Operating,Agencies and Corporations,Management / Research & Development,Toronto Community Housing Corporation,12-Dec-22,246463,KPMG LLP,Review TCHC's Capital Asset Inventory Policy & Procedures,"  20,352 "
2022,Operating,Agencies and Corporations,Management / Research & Development,Toronto Community Housing Corporation,As billed,"200555, 156324, 
240505, 156325",R. AVIS SURVEYING INC.,To Plan a survey and draft reference plan for severance,"  20,337 "
2022,Operating,Agencies and Corporations,Management / Research & Development,Toronto Community Housing Corporation,14-Jun-22,210684,Anique Jordan,To provide consulting services on Confronting Anti-Black (CABR) Strategy team.,"  3,053 "
2022,Operating,Agencies and Corporations,Management / Research & Development,Toronto Community Housing Corporation,As billed,233916,Ijaabo Mohamed,To provide consulting services as a Tenant member of the Tenant-Staff Oversight and Advisory Board for the Centre for Advancing the Interests of Black People.,"  5,000 "
2022,Operating,Agencies and Corporations,Management / Research & Development,Toronto Community Housing Corporation,As billed,239911,Jason Sinclair,To provide consulting services as a Tenant member of the Tenant-Staff Oversight and Advisory Board for the Centre for Advancing the Interests of Black People.,"  5,022 "
2022,Operating,Agencies and Corporations,Management / Research & Development,Toronto Community Housing Corporation,26-May-22,239912,Kiaunna Spence Bennett,To provide consulting services as a Tenant member of the Tenant-Staff Oversight and Advisory Board for the Centre for Advancing the Interests of Black People.,"  1,250 "
2022,Operating,Agencies and Corporations,Management / Research & Development,Toronto Community Housing Corporation,As billed,239917,Melanated Roots (Annisha Stewart),To provide consultant services as a Tenant member of the Tenant-Staff Oversight and Advisory Board for the Centre for Advancing the Interests of Black People.,"  5,022 "
2022,Operating,Agencies and Corporations,Management / Research & Development,Toronto Community Housing Corporation,As billed,239913,Natalee Bennett,To provide consulting services as a Tenant member of the Tenant-Staff Oversight and Advisory Board for the Centre for Advancing the Interests of Black People.,"  5,000 "
2022,Operating,Agencies and Corporations,Management / Research & Development,Toronto Community Housing Corporation,As billed,239914,Sagal Abdi Ahmed,To provide consulting services as a Tenant member of the Tenant-Staff Oversight and Advisory Board for the Centre for Advancing the Interests of Black People.,"  5,000 "
2022,Operating,Agencies and Corporations,Management / Research & Development,Toronto Community Housing Corporation,8-Sep-22,240901,Sagal Ali,To provide consulting services as a Tenant member of the Tenant-Staff Oversight and Advisory Board for the Centre for Advancing the Interests of Black People.,"  2,500 "
2022,Operating,Agencies and Corporations,Management / Research & Development,Toronto Community Housing Corporation,As billed,239915,Zamani Ra,To provide consulting services as a Tenant member of the Tenant-Staff Oversight and Advisory Board for the Centre for Advancing the Interests of Black People.,"  5,022 "
2022,Operating,Agencies and Corporations,Management / Research & Development,Toronto Community Housing Corporation,1-Sep-22,234178,Jupiter Energy Advisors Inc.,"To provide overview Natural Gas market condition assessment and expectations including rudimentary natural gas study/ analysis. Provide advice on price option. Communicate findings, recommendations, and analysis","  5,188 "
2022,Operating,Agencies and Corporations,Management / Research & Development,Toronto Community Housing Corporation,"29-Sep-22
22-Nov-22","247408, 248669",Vanessa Oraekwe,To conduct a Confronting Anti-Black Racism Workshop for the Executive Leadership Team,"  6,160 "
2022,Operating,Agencies and Corporations,Management / Research & Development,Toronto Community Housing Corporation,26-Nov-21,184320,Natalie Hill,To provide consulting services for Black Trans/Queer as part of the CABR strategy.,"  1,100 "
2022,Operating,Agencies and Corporations,Management / Research & Development,Toronto Community Housing Corporation,As billed,"184318, 200642
203847, 215308",Sharita Henry,"To provide the following services to the Centre for Advancing the Interests of Black People within TCHC:
1. The creation of a safety plan.
2. The development of an advocacy group and/or program for TCHC.
3. The development of journey maps.
4. The creation of best practices documentation.","  9,300 "
2022,Operating,Agencies and Corporations,Management / Research & Development,Toronto Community Housing Corporation,6-Apr-22,26273,Watershed Technologies Inc,Electricity and gas analysis for 2021 CMHC reporting. Review and discussion of CHP adjustment methodology. Water analysis for 221 portfolio water savings,"  3,989 "
2022,Operating,Agencies and Corporations,Management / Research & Development,Toronto Community Housing Corporation,27-Jun-22,211928,AON REED STENHOUSE INC,Consulting Service - Insurance Optimization Studies,"  142,464 "
2022,Operating,Agencies and Corporations,Management / Research & Development,Toronto Community Housing Corporation,"3-Aug-22
22-Dec-22","246035
249776
249777","3991628 Canada Inc. a.k.a. Lean Advisors Canada, Inc.",To conduct a Kaizen review and Lean implementation of the Arrears Collection Process (ACP) to reduce the total arrears at TCHC. to conduct business process improvement proposals for the unit turnover/offering process at TCHC to further reduce our corporation's vacancy rate,"  80,928 "
2022,Operating,Agencies and Corporations,Management / Research & Development,Toronto Community Housing Corporation,30-Jul-21,Invoice 4713521,KRCMar Surveyors,Survey services 130 Eglinton Avenue project. Sketch showing planter and any encroachments within property limits of City of Toronto,"  3,362 "
2022,Operating,Agencies and Corporations,Management / Research & Development,Toronto Community Housing Corporation,"30-Apr-22
31-May-2230-Jun-22","Invoice No
1736
1814
2055",Optimus SBR Inc.,NPO - Organization design consulting services ,"  58,819 "
2022,Operating,Agencies and Corporations,Management / Research & Development,Toronto Community Housing Corporation,15-Dec-22,241041,SVN Architects & Planners Inc.,"Planning justification, housing issues, Public consultation, Community consultation with City of TO, community consulation report, completed OPA application and workplan","  35,870 "
2022,Operating,Agencies and Corporations,Management / Research & Development,Toronto Community Housing Corporation,7-Jul-22,242352,Christopher R Taylor,Truth and Reconciliation related initiatives consultation,  250 
2022,Operating,Agencies and Corporations,Management / Research & Development,Toronto Community Housing Corporation,19-Jan-22,199038,Imara Ajani Rolston,"TCHC CABR Systems Thinking Consultant30/hrs200 Hours    Total:  $6,000 (Inc. Tax)","  6,000 "
2022,Operating,Agencies and Corporations,Management / Research & Development,Toronto Community Housing Corporation,28-Nov-22,251436,Jody Yaa Consulting  ,Team assessment for the Centre for Advancing the Interests of Black People,"  6,106 "
2022,Operating,Agencies and Corporations,Information Technology,Toronto Police Service,4-Oct-22,"47024591, 9520063",Slalom Consulting,"To provide expertise and advisory services to help guide Toronto Police Service (T.P.S.) in defining the future state of Reference Architecture and identify technology solutions required in support of Community Policing and Engagement unit eMemobook solution, call diversion and forms automation.","  333,773 "
2022,Operating,Agencies and Corporations,Management / Research & Development,Toronto Police Service,30-Mar-20,"47022840, 9442766, 9450214, 9454705",Wellesley Institute,"To provide support on key T.P.S. projects managed by the Equity, Inclusion and Human Rights unit to inform T.P.S' race-based data strategy, the unit's overall strategy and a systemic review of T.P.S.' recruitment processes.","  15,999 "
2022,Operating,Agencies and Corporations,Management / Research & Development,Toronto Police Service,29-Jul-21,"47023837, 9440254, 9444608, 9452304, 9462784, 9465172, 9471355",Doctor Lorne Foster,"To conduct an examination of T.P.S.' analysis and findings of race-based data, providing recommendations to improve the collection, analysis, interpretation and/or reporting of preliminary data and recommendations regarding methods and approaches towards the development of action plans. ","  32,224 "
2022,Operating,Agencies and Corporations,Management / Research & Development,Toronto Police Service,12-Jul-21,"47023796, 9529704, 9532119, 9532130, 9532267, 9540232, 9540265, 3623596",Mercer (Canada) Limited,"To conduct review of Survivor Income Benefits (S.I.B.), grievances, premium renewal/waiver of premium support with Green Shield Canada (G.S.C.) and Manulife. ","  151,201 "
2022,Operating,Agencies and Corporations,Management / Research & Development,Toronto Police Service,6-Jun-19,"47022202, 9464055",Gallagher Benefit Services (Canada) Group Inc (former name: Gallagher McDowall Associates),To review and evaluate submissions for new and existing civilian positions and make recommendations.,"  75,572 "
2022,Operating,Agencies and Corporations,Management / Research & Development,Toronto Police Service,29-Jun-22,3616844,Deloitte LLP,"Review and assessment of policies, procedures, and programs in relation to harassment and discrimination, as well as wellness needs, with recommendations and roadmap to improvement. ","  20,352 "
2022,Operating,Agencies and Corporations,Management / Research & Development,Toronto Police Service,22-Jul-22,6053573,Pivotal Technologies Inc.,"To review, advise, and report on the fairness of the Records Management Services (RMS) Request For Pre-Qualification (RFPQ) Process, identify potential risks and mitigation strategies, and make recommendations in relation to the process that has been undertaken.","  11,957 "
2022,Operating,Agencies and Corporations,Management / Research & Development,Toronto Police Service,10-Aug-22,6053647,PriceWaterhouseCoopers LLP,"To develop and deliver a final report for the inventory of the TPS de-Tasking initiatives, in support of the TPS in understanding and achieving goals of responsibly re-deploying services, resources, and staff. ","  54,442 "
2022,Operating,Agencies and Corporations,Management / Research & Development,Toronto Police Service,7-Nov-22,3620571,J Wallace Skelton Consulting ,"To provide a final report that serves as the foundation to build the evaluation of training sessions and impact on the community. As part of an agreement, J Wallace Skelton was involved in exploring the option of human rights-based data collection, which dovetails with some elements of the Justice Epstein recommendations.","  16,275 "
2022,Operating,Agencies and Corporations,Management / Research & Development,Toronto Police Service,10-Nov-22,6053958,Mental Health Innovation,"To conduct a program audit and gap analysis, notably against the national standards of practice for peer support. Services included a review and analysis of policies, procedures, accountability framework, scope of practice and program evaluation, and provision of a report focused on recommendations and next steps to inform the future of the TPS peer support and Critical Incident Response Team (CIRT) programs.","  27,307 "
2022,Operating,Agencies and Corporations,Management / Research & Development,Toronto Police Service,4-Dec-23,3631503,Public Services Health & Safety Association,"To produce detailed reports outlining a comprehensive assessment and summary of the essential physical demands analysis and cognitive demands analysis for particular positions, to provide recommendations to help identify suitable alternate work or modified work/tasks.","  42,739 "
2022,Operating,Agencies and Corporations,Management / Research & Development,Toronto Police Service,5-Jun-17,6045079,Dr. Ashley David Bender,"To review and assist with the development, evaluation and implementation of a procedure for the application and assessment of requests for the inclusion of names on the Memorial Wall.","  7,556 "
2022,Operating,Agencies and Corporations,Management / Research & Development,Toronto Police Service,29-Mar-22,3614266,"Bellmio, Peter ","To present readiness assessment report based on analysis of patrol workload and service levels, formulate recommendations that would assist in identifying appropriate front-line patrol staffing levels to meet the needs of the community. ","  13,839 "
2022,Operating,Agencies and Corporations,Legal ,Toronto Police Service,27-Apr-20,6050505,"Henein, Hutchison L.L.P.",To provide consultation and legal advice on various issues surrounding Ontario Human Rights Commission (O.H.R.C.) inquiry.,"  94,133 "
2022,Operating,Agencies and Corporations,Legal ,Toronto Police Service,9-Feb-22,"3612888, 3612981, 3613668, 3615048","Henein, Hutchison L.L.P.",To provide legal advice and consultation on alleged forgery of the will and reward protocols (offered by the family). The services rendered are all related to an investigation.,"  3,343 "
2022,Operating,Agencies and Corporations,Legal ,Toronto Police Service,21-Apr-22,"6053284, 6053285, 6054786","Henein, Hutchison L.L.P.",To provide consultation and legal advice regarding prosecution of three senior members.,"  32,182 "
2022,Operating,Agencies and Corporations,Creative Communications,Toronto Police Service,16-Nov-20,"47023224, 9520781, 9527187, 9531971, 9541715, 9548123, 9556735, 9561989, 9575248, 9582613, 9589418, 9596406, 9596421",Navigator Limited,To provide strategic communication advice in relation to Policing Reform. ,"  141,346 "
2022,Operating,Agencies and Corporations,Management / Research & Development,Toronto Police Services Board,13-Aug-20,"47023353
9497928",J Wallace Skelton Consulting ,"To provide in the development of Transgender inclusive policies, procedures, orders, forms and training.","  9,152 "
2022,Operating,Agencies and Corporations,Management / Research & Development,Toronto Police Services Board,11-Jul-22,3617135,"Cooper, Sandler, Shime & Bergman LLP ",Stakeholder Consultations (BM# C2022-0622-12.0),"  13,229 "
2022,Operating,Agencies and Corporations,Legal ,Toronto Police Services Board,"6-Jan-23
1-June-23","9464050
9550371",Hicks Morley Hamilton Stewart Storie,Provide expert advice/legal opinion on general employment and labour relations issues,"  43,105 "
2022,Operating,Agencies and Corporations,Technical ,Toronto Waterfront Revitalization Corporation,8-Apr-22,1895.R01,Intech Risk Management Inc.,To provide risk management advisory services. ,"  37,651 "
2022,Operating,Agencies and Corporations,Information Technology,Toronto Waterfront Revitalization Corporation,23-Jul-19,2321,ENVISION IT INC,To provide consulting services for an Enterprise Content Management Strategy.,"  13,264 "
2022,Operating,Agencies and Corporations,Management / Research & Development,Toronto Waterfront Revitalization Corporation,26-Aug-21,2601,MNP LLP,"To provide recommendations and an implementation plan for Diversity, Equity and Inclusion Programs.","  57,008 "
2022,Operating,Agencies and Corporations,Management / Research & Development,Toronto Waterfront Revitalization Corporation,2-Dec-22,2665,H Wilkinson Consulting Group Inc. ,To provide consulting services for the Job Evaluation Tool and salary benchmarking strategy. ,"  15,722 "
2022,Operating,Agencies and Corporations,Management / Research & Development,Toronto Waterfront Revitalization Corporation,8-Feb-22,2660,PRICEWATERHOUSECOOPERS LLP,"To provide consulting services on quantifying greenhouse gas emissions, assessing climate risks and opportunities, and providing disclosure recommendations.","  49,075 "
2022,Operating,Agencies and Corporations,Legal ,Toronto Waterfront Revitalization Corporation,3-Nov-16,"1837.R02, R08, R09",BENNETT JONES LLP,"To provide legal advice related to corporate matters (Human Resources, Governance, Audit and General).","  27,131 "
2022,Operating,Agencies and Corporations,Legal ,Toronto Waterfront Revitalization Corporation,30-Aug-22,2642.R01,Hicks Morley Hamilton Stewart Storie,To provide legal advice related to confidential HR matters and other corporate general matters.,"  1,206 "
2022,Operating,Agencies and Corporations,Legal ,Toronto Waterfront Revitalization Corporation,25-Nov-22,2637.R01,Borden Ladner Gervais L.L.P.,To provide legal advice on entering a complex commercial lease at 251 Queens Quay East.,"  8,707 "
2022,Operating,Agencies and Corporations,Creative Communications,Toronto Waterfront Revitalization Corporation,25-Oct-22,2738,NAVIGATOR LIMITED,To provide strategic communication consulting services to develop a public affairs approach to reinforce the value that Waterfront Toronto has delivered since its inception and what it promises to deliver under a renewed mandate for the Next Phase of Waterfront Revitalization.,"  45,588 "
2022,Operating,Agencies and Corporations,Management / Research & Development,Toronto Zoo,31-Dec-22,PO0095908,Mandaworks,"To provide consulting services to create a Master Concept Plan taking into account and updating the current Toronto Zoo Master Plan produced in 2017 with a forward-thinking analysis considering the Zoo's Mission and Vision, goals and objectives with respect to animal care, existing structures and site conditions, sustainability, conservation, education, visitor experiences and infrastructure needs.","  25,763 "
2022,Operating,Agencies and Corporations,Information Technology,Toronto Transit Commission,19-Feb-21,PO 499424 / C25PA21112,Wipro Solutions Canada Ltd.,"To assess the effectiveness and structure of services delivered by Information Technology Services department to the rest of the Toronto Transit Commission (TTC) and provide recommendations for improvement. 
Recommendations were identified in 5 areas: Organization & management, strategy and architecture, IT service management, solution delivery & procurement.

","  98,911 "
2022,Operating,Agencies and Corporations,Management / Research & Development,Toronto Transit Commission,8-Aug-19,433883,SCOT WORTLEY CONSULTING,To provide a Racial Equity Impact Assessment (REIA) of the TTC Transit Enforcement Unit policies to identify trends indicative of discriminatory practice.,"  70,234 "
2022,Operating,Agencies and Corporations,Management / Research & Development,Toronto Transit Commission,22-Oct-19,441432,AKWASI OWUSU-BEMPAH,To provide a Racial Equity Impact Assessment (REIA) of the TTC Transit Enforcement Unit policies to identify trends indicative of discriminatory practice.,"  56,833 "
2022,Operating,Agencies and Corporations,Management / Research & Development,Toronto Transit Commission,26-Jul-21,512581,MERCER (CANADA) LIMITED,To provide third party support and review of opportunities for enhanced efficiency within Occupational Health and Employee Wellbeing.,"  42,612 "
2022,Operating,Agencies and Corporations,Management / Research & Development,Toronto Transit Commission,2-Jun-21,510704,Ernst & Young LLP,To provide project management support and subject matter expertise for the Traction Motor transformation initiative to achieve the cost savings in the future.,"  22,759 "
2022,Operating,Agencies and Corporations,Management / Research & Development,Toronto Transit Commission,22-Jul-21,514754,KPMG LLP,"To provide subject matter expertise, industry best practices, and support in the development of business cases to determine viability of identified business transformation initiatives to achieve cost savings in the future.","  269,478 "
2022,Operating,Agencies and Corporations,Management / Research & Development,Toronto Transit Commission,8-Nov-19, C31PU19978,WSP Canada Inc.,To review existing work completed to date and evaluate the readiness of Line 5 Eglinton Crosstown Light Rail Transit (ECLRT) opening to ensure a successful opening.,"  11,789 "
2022,Operating,Agencies and Corporations,Management / Research & Development,Toronto Transit Commission,11-Feb-22,PU542865,SNC-Lavalin Inc.,"To provide a technical review of over 3,500+ midblock stops for conformance with TTC Service Standards and the City of Toronto's Vision Zero plan.","  161,867 "
2022,Operating,Agencies and Corporations,Legal ,Toronto Transit Commission,9-May-19 - 8-May-23,PU446425,Willms & Shier Environmental Lawyers,To provide legal advice on TTC's tank system audit to ensure the audit is completed to the highest standard and by industry experts.,"  19,049 "
2022,Operating,Agencies and Corporations,Legal ,Toronto Transit Commission,13-May-20,PU457217,Koskie Minsky LLP,"To provide advice on the development of an anti-racism strategy and implementation plan, including diversity, recruitment, job postings, outreach strategy and training. ","  50,431 "
2022,Operating,Agencies and Corporations,Legal ,Toronto Transit Commission,6-Dec-22,577624,DLA Piper ,To provide an independent review and analysis of workplace/human rights exposure based on complaints of wrong-doing.,"  2,328 "
2022,Operating,Agencies and Corporations,Legal ,Toronto Transit Commission,29-Jul-20,479466,TurnpennyMilne,To provide an independent review and analysis of workplace/human rights exposure based on complaints of wrong-doing.,"  483,619 "
2022,Operating,Agencies and Corporations,Legal ,Toronto Transit Commission,30-Jul-20,478903,QMR Consulting,To provide an independent review and analysis of workplace/human rights exposure based on complaints of wrong-doing.,"  64,652 "
2022,Operating,Agencies and Corporations,Legal ,Toronto Transit Commission,29-Jul-20,478002,Rubin Thomlinson,To provide an independent review and analysis of workplace/human rights exposure based on complaints of wrong-doing.,"  156,726 "
2022,Operating,Agencies and Corporations,Legal ,Toronto Transit Commission,26-Jan-22,540119,Gita Anand Professional Services,To provide an independent review and analysis of workplace/human rights exposure based on complaints of wrong-doing.,"  33,380 "
2022,Operating,Agencies and Corporations,Information Technology,Toronto Transit Commission,19-May-22,PU554491,KLDiscovery Ontrack,To provided advisory services related to forensics and eDiscovery related to a cyber security incident. ,"  10,751 "
2022,Operating,Agencies and Corporations,Management / Research & Development,Toronto Transit Commission,15-Nov-22,PC575094,Korn Ferry,To provide objective external market survey and recommendations to develop a CEO compensation package.,"  59,886 "
2022,Operating,Agencies and Corporations,Management / Research & Development,Toronto Transit Commission,19-Sep-22 - 18-Sep-23,PU568096,PricewaterhouseCoopers LLP,To conducted a gap analysis of the former business continuity program and developed recommendations and templates to support the TTC's new business continuity framework.,"  40,704 "
2022,Operating,Agencies and Corporations,Management / Research & Development,Toronto Transit Commission,28-Jul-22,PC562620  ,Ernst & Young LLP,"To provided advice on development of business continuity and emergency management frameworks, conducted business impact analysis and finalizing continuity of operations plans. ","  12,985 "
2022,Operating,Agencies and Corporations,Management / Research & Development,Toronto Transit Commission,23-Nov-22- 22-Nov-23,PU487842,MyWorkPlaceHealth / Psychological H & S,To identify psychological health and safety risks and fatigue risks at the TTC and evaluate current controls and provide recommendations for improvement of existing controls and to identify new controls.,"  57,048 "
2022,Operating,Agencies and Corporations,Management / Research & Development,Toronto Transit Commission,30-Jul-20,PU 473448.,Dillon Consulting,To provide service Integration and review TTC and 905 agency cross-boundary service to identify efficiencies that could be achieved with greater coordination and changes to legislation and labour contracts.,"  78,119 "
2022,Operating,Agencies and Corporations,Management / Research & Development,Toronto Transit Commission,29-Jul-20,PU473411,Ernst & Young LLP,"To provide consultant services required to assist with the Phase 1 of TTC Digital Infrastructure Strategy including current state analysis, visioning, recommendations, supporting TTC during contract negotiations, and analysis of digital connectivity strategy performance metrics. ","  181,033 "
2022,Operating,Agencies and Corporations,Management / Research & Development,Toronto Transit Commission,18-Feb-22,C02PV20709,Mott MacDonald Canada Ltd.,To provide consulting services to develop TTC's 5-Year Fare Policy.,"  36,025 "
2022,Operating,Agencies and Corporations,Management / Research & Development,Toronto Transit Commission,18-Feb-22,C02PV20710,Clevor Consulting Group,To provide consultant services required to develop TTC's 10-Year Fare Collection Outlook. ,"  7,388 "
2022,Operating,Agencies and Corporations,Management / Research & Development,Toronto Transit Commission,25-Apr-22,PU551504,Third Party Public Inc.,To perform public consultation services for TTC’s 5-Year Service Plan and 2023 Annual Service Plan. Two rounds of engagement with customers and key stakeholders to gather feedback on proposed service changes were conducted. Youth Ambassadors were also hired.,"  205,007 "
2022,Operating,Agencies and Corporations,Management / Research & Development,Toronto Transit Commission,22-Jan-19,C32PE19733,WSP Canada Inc.,To provide consulting services to support the Light Rail (LRT) Transit Operations start-up.,"  39,866 "
2022,Operating,Agencies and Corporations,Management / Research & Development,Toronto Transit Commission,9-Mar-22,C51PW22074,WSP Canada Inc.,To provided consulting support for the Light Rail (LRT) Transit Operations start-up. This is a Bridge Contract to the original PO #C32PE19733 (captured in this report). Bridge PO was established to complete tasks still in progress as the original contract was expiring.,"  119,553 "
2022,Operating,Agencies and Corporations,Management / Research & Development,Toronto Transit Commission,8-Nov-19,C31PU19975,Hatch Ltd.,"To perform a jurisdictional scan via interview with transit agencies, desktop research across industry, and cost/benefit study on 1) Rewards & Recognition programs and 2) Hybrid work models.","  55,968 "
2022,Operating,Agencies and Corporations,Management / Research & Development,Toronto Transit Commission,8-Nov-19,C31PU19976,KPMG LLP,To perform a review of TTC processes and research on best practices with respect to pre-placement medicals and to provide assistance with developing an RFP structure for the next vendor handling pre-placement medicals.,"  96,672 "
2022,Operating,Agencies and Corporations,Management / Research & Development,Toronto Transit Commission,8-Nov-19,C31PU19976,KPMG LLP,"To perform a review over the operator risk registry program, including an assessment of the design of the scoring model using a risk based approach and provided an evaluation of possible off the shelf IT solutions that TTC could possibly implement.","  43,264 "
2022,Operating,Agencies and Corporations,Management / Research & Development,Toronto Transit Commission,8-Nov-19, C31PU19978,WSP Canada Inc.,To perform an industry sounding exercise to identify best practices and standards that can be implemented at the TTC with respect to winter weather operations.,"  41,956 "
2022,Operating,Agencies and Corporations,Management / Research & Development,Toronto Transit Commission,11-Feb-21,PU497867,WSP Canada Inc.,"To perform TTC streetcar rail wheel noise monitoring and assessment.  To assess the benefits of different noise mitigation in place and determine whether speed impacts the noise level.
","  89,956 "
2022,Operating,Agencies and Corporations,Management / Research & Development,Toronto Transit Commission,16-May-22,PU553491,CH2M Hill Canada Ltd,"To develop a tool using TTC’s historical maintenance data (e.g., completed preventive maintenance activities and standard inspections, maintenance backlog, repair costs, etc.) to produce condition scores for revenue vehicles. To perform condition assessments on small percentage (1-2%) of revenue fleet (Buses, Streetcars, and Subway) to verify accuracy/reliability of the algorithm.  ","  216,110 "
2022,Operating,Agencies and Corporations,Management / Research & Development,Toronto Transit Commission,25-Apr-22,Invoice # SC-042522-01,Sonad Corporation,To perform a Pre-Start Health and Safety Review for the T1 & TR axle overhaul process and the equipment used in this process.,"  2,894 "
2022,Operating,Agencies and Corporations,Management / Research & Development,Toronto Transit Commission,1-Oct-21,PO 560564,Optimus SBR Inc.,To provide services rendered to ensure fair bidding process of new contract for Vehicle Disinfection and provide Issue of Final Fairness Report.,"  11,397 "
2022,Operating,Agencies and Corporations,Management / Research & Development,Toronto Transit Commission,2-Oct-19,C41PC19951,Optimus SBR Inc.,To provide subject matter expertise required to work with various departments in the development of business cases to determine viability of identified business transformation initiatives. ,"  23,621 "
2022,Operating,Agencies and Corporations,Management / Research & Development,Toronto Transit Commission,16-Feb-21,C76SG21093,KPMG LLP,"To provide assistance to the TTC's Project Management Maturity initiatives and auditing services to assist with standards, procedures, tools and templates and management systems.","  227,140 "
2022,Operating,Agencies and Corporations,Management / Research & Development,Toronto Transit Commission,11-May-21,PU507505,KPMG LLP,"To identify, design and plan support of an integrated set of transformational changes that focus on elevating Finance’s role in the organization to a strategic, value-added business partner.","  40,587 "
2022,Operating,Agencies and Corporations,Management / Research & Development,Toronto Transit Commission,1-Dec-22,PU577162,University Of Toronto,"To perform a third-party assessment of the total economic benefits realized from the investments in transit services and capital works necessary for safe, reliable and seamless service and to enhance the capacity, sustainability and resiliency of the TTC’s existing transit network. ","  91,350 "
2022,Operating,Agencies and Corporations,Management / Research & Development,Toronto Transit Commission,11-Jan-19,C41PC19952 ,Ernst & Young LLP,"To provide advice on development of business continuity and emergency management frameworks, conducted business impact analysis and finalizing continuity of operations plans.","  95,530 "
2022,Operating,Agencies and Corporations,Management / Research & Development,Toronto Transit Commission,11-Jan-19,C41PC19952 ,Ernst & Young LLP,To provide support in facilitating and organizing a series of roundtable discussions with partner local transit authorities across the GTA in order to identify opportunities to achieve improved customer experience; cost savings and efficiencies; advanced the role of public transit as a preferred mobility option; and established new mechanisms for regional coordination amongst local transit authorities. ,"  58,738 "
2022,Operating,Agencies and Corporations,Legal ,Toronto Transit Commission,21-Oct-21,PU457236,Aird & Berlis LLP,To perform a review over environmental issues and provide options and recommendations through reports and memos.,"  16,324 "
2022,Operating,Agencies and Corporations,Legal ,Toronto Transit Commission,30-May-22,553633,Blakes LLP,To provide advice with respect to cybersecurity incident.,"  65,465 "
2022,Operating,Agencies and Corporations,Legal ,Toronto Transit Commission,21-Oct-22,572292,Borden Ladner Gervais L.L.P.,To provide advice and conduct investigations into workplace/human rights related matters.,"  71,156 "
2022,Operating,Agencies and Corporations,Legal ,Toronto Transit Commission,9-Apr-21,503666,Koskie Minsky LLP,To provide legal advice and conduct investigations into workplace/human rights related matters.,"  48,572 "
2022,Operating,Agencies and Corporations,Legal ,Toronto Transit Commission,28-Oct-21,527063,Kevin A. Robins,To provide legal advice and conduct investigations into workplace/human rights related matters.,"  12,048 "
2022,Operating,Agencies and Corporations,Legal ,Toronto Transit Commission,25-Nov-21,534053,Nathaniel BF MA,To provide legal advice and conduct investigations into workplace/human rights related matters.,"  26,946 "
2022,Operating,Agencies and Corporations,Management / Research & Development,Toronto Public Library Board,8-Oct-21,PO0030636,Ernst & Young LLP,To provide consulting services for the Facilities Master Plan.,"  48,082 "
2022,Operating,Agencies and Corporations,Management / Research & Development,Toronto Public Library Board,9-Nov-21,PO0030691,Lord Cultural Resources,To create a new vision and mandate for the Research & Reference libraries (Toronto Reference Library & North York Central Library) and Special Collections.,"  119,930 "
2022,Operating,Agencies and Corporations,Management / Research & Development,Toronto Public Library Board,n/a,n/a,Public Services Health & Safety Association,To provide a risk assessment on Workplace Violence.,"  5,597 "
2022,Operating,Agencies and Corporations,Management / Research & Development,Toronto Public Library Board,23-Feb-22,PO0030908,Third Party Public Inc.,To provide third party consultation facilitation services for alternative approaches to safety & security.,"  69,782 "